token_address,s01_mint_authority,s02_freeze_authority,s03_upgradeable,s04_metadata_mutable,s05_lp_lock,s06_deployer_lp,s08_top10_holders,s09_whale_dominance,s10_sybil_clusters,s11_rug_history,s12_wallet_age,s13_suspicious_tx,s14_bot_spike,s15_wash_trading,s16_insider_dump,s17_social_verify,s18_fake_engagement,label,source
854f184909413bf99b0b59db874661ee96ac2dbee085,0.9752,0.818,0.7966,0.8119,0.8652,0.8148,0.8618,0.9607,0.7401,0.7906,0.8708,0.5866,0.7079,0.6462,0.8321,0.9686,0.7925,1,mock
f5247019260c0696b5e5069341f458d029f39beac212,0.9568,0.8698,0.7663,0.7617,0.7721,0.8355,0.8953,0.9285,0.7537,0.7008,0.8906,0.6243,0.7137,0.7077,0.7395,0.7926,0.6865,1,mock
fc6e96e03e19dfc19e8cf399664b543efe7c4b4931ab,1.0,0.704,0.7876,0.644,0.9259,0.8501,0.6934,0.9691,0.6827,0.8832,0.9214,0.6652,0.8814,0.8329,0.7223,0.8722,0.8235,1,mock
8dd597063264ffaa1842e3f69886f3dd8d7e16c047a1,0.1698,0.0294,0.0601,0.0645,0.133,0.0,0.1283,0.0476,0.1196,0.0039,0.0516,0.0377,0.0,0.1446,0.0419,0.1539,0.1078,0,mock
7b2cb5a9b6215c29e0064edfb64f00e458db08eb887f,0.8703,0.8977,0.7539,0.6647,0.9383,0.7468,0.7957,0.875,0.7504,0.7134,0.7697,0.5985,0.8344,0.6808,0.7249,0.8169,0.8022,1,mock
bc095ab74f9a77177b77300014378c756564383f9eae,0.0,0.1569,0.1419,0.1431,0.0066,0.0477,0.2286,0.0677,0.0,0.0641,0.0,0.1302,0.0291,0.2155,0.0173,0.0073,0.0748,0,mock
29ac086a36bd9367109aae7e9e5d8c4773231682acaa,0.0397,0.0976,0.1541,0.1431,0.0133,0.1045,0.2886,0.0471,0.0978,0.1256,0.0184,0.1084,0.1381,0.094,0.0592,0.0251,0.1967,0,mock
537cbc5a57792f32fa49559e38714abe14d499247e08,0.8689,0.8014,0.7119,0.7839,0.9274,0.6553,0.9106,0.8825,0.8289,0.8498,0.8345,0.7561,0.9117,0.6948,0.874,0.8592,0.746,1,mock
aa8e11b8da7341b584162b8194ef34c40eb3ed90d3d8,1.0,0.6946,0.745,0.6764,0.8947,0.7477,0.8983,0.7476,0.6494,0.826,0.7458,0.646,0.8319,0.7616,0.758,0.9687,0.7573,1,mock
907f7f658966d5f268a91aff245efeaa09a6c2f17a51,1.0,0.7143,0.7573,0.582,0.886,0.7356,0.8534,0.8807,0.6663,0.7788,0.8948,0.7864,0.7008,0.6541,0.8606,0.8715,0.7222,1,mock
2af6591cdcb46f4c155ca5bd50eda7823c865dedc999,0.9913,0.8483,0.6963,0.5824,0.9575,0.6505,0.8528,0.8473,0.812,0.8457,0.885,0.6978,0.8703,0.6523,0.7332,0.896,0.7035,1,mock
fd386de0742b7ee6977c40bc2cc45db617a553c074ce,0.0128,0.0158,0.0643,0.0887,0.0394,0.1155,0.2222,0.1985,0.0,0.0032,0.011,0.0,0.0583,0.0906,0.1672,0.1163,0.1763,0,mock
2f74861847080fb7aac94bb2da264aea35ff00558931,0.9202,0.8469,0.8356,0.7637,0.8213,0.6314,0.7644,0.9108,0.8348,0.9088,0.8306,0.7594,0.8111,0.7748,0.7329,0.7827,0.7346,1,mock
92fd85643c549e39d2870971fa87afda96f4af06996f,0.9196,0.7936,0.7574,0.6821,0.909,0.7094,0.8487,0.795,0.6903,0.709,0.7762,0.6087,0.8086,0.8129,0.7244,0.7819,0.7462,1,mock
c648047e9cd8154c8568f60085626000f5505fee048c,0.8714,0.7133,0.7023,0.6983,0.7452,0.7343,0.7811,0.8462,0.6485,0.7404,0.7892,0.73,0.8225,0.6769,0.7057,0.8031,0.8577,1,mock
1638aa0a1f8efb05ed82e24c110193d00b66affc9bc4,0.7966,0.8625,0.8138,0.6108,0.8441,0.762,0.7436,0.9394,0.7316,0.7308,0.8594,0.7552,0.7283,0.7048,0.9188,0.886,0.7351,1,mock
e4108b500bd287685512ec0adee2d8c2676fb09a523e,0.0,0.0,0.0187,0.065,0.1843,0.0,0.3152,0.1015,0.0173,0.0607,0.0315,0.1869,0.0,0.0521,0.1871,0.1047,0.1479,0,mock
67fc3bd8a4ffd7677a265d146b8654e88d4f7055a464,0.8194,0.9161,0.6885,0.6219,0.7684,0.7644,0.91,0.7856,0.7272,0.7243,0.8837,0.6837,0.687,0.7774,0.7274,0.8721,0.7233,1,mock
c431c62a1fe8a79cb07e1949ceeb90281a29ca9deef8,1.0,0.77,0.6368,0.8034,0.9314,0.786,0.8699,0.763,0.6989,0.8791,0.8971,0.6133,0.8493,0.7377,0.6813,0.749,0.6914,1,mock
d31595988e00ee41fe8fb35938f2b6f6e3e749a2189a,0.0517,0.1304,0.1861,0.0313,0.0269,0.0081,0.298,0.1685,0.012,0.0903,0.0967,0.1957,0.1239,0.0595,0.0988,0.2111,0.1079,0,mock
c6419ae94e88d70b24d6cd985094b18a1dc432c5f183,0.8549,0.8426,0.86,0.6752,0.9016,0.6482,0.8457,0.8805,0.6545,0.8654,0.9341,0.7241,0.7091,0.8661,0.8678,0.8133,0.7328,1,mock
0715f8b2d59f7c1ee1077f4370d13ada80e06984b543,0.8927,0.7891,0.6411,0.8153,0.8078,0.7989,0.8051,0.9291,0.8304,0.7432,0.8606,0.6217,0.8369,0.7177,0.8368,0.9305,0.754,1,mock
956d178d8aa70a07c24ede441cd021d07df3dcca939e,0.9878,0.7597,0.6599,0.6683,0.9435,0.8084,0.8947,0.8228,0.8637,0.7991,0.8494,0.8018,0.8046,0.8223,0.8545,0.7489,0.7746,1,mock
07bdcf2d1daafd74bbd9336032671c87031844021c2c,0.0506,0.0751,0.1509,0.0198,0.1845,0.0779,0.113,0.0264,0.0,0.1135,0.0,0.0248,0.0791,0.1582,0.1972,0.1619,0.0,0,mock
c5609a79f516a96a0bd1f712ef2b8e199c1453a2f0ec,0.0836,0.0171,0.06,0.0,0.1885,0.0142,0.0824,0.0705,0.1625,0.0209,0.0,0.1822,0.0222,0.1548,0.0336,0.1771,0.0775,0,mock
a2a1a7f836fb619c39f8a4b86e3dd4586c6010957e72,0.0018,0.104,0.0557,0.0586,0.03,0.1245,0.2719,0.1931,0.0149,0.1627,0.0,0.0,0.2161,0.1304,0.1622,0.117,0.0535,0,mock
393717d0341da4ba12a1a9e584a96d6f8469059cb64d,0.9018,0.7545,0.7385,0.5937,0.9296,0.6484,0.8874,0.9353,0.7776,0.8017,0.8411,0.713,0.87,0.845,0.7879,0.9244,0.7864,1,mock
56b74bc3edc73ff50e07d9a3b1a52db241ced7293d64,0.9609,0.909,0.7025,0.7535,0.7327,0.7869,0.8463,0.7449,0.6584,0.7536,0.8273,0.7006,0.8948,0.7989,0.7546,0.7582,0.8499,1,mock
bb5a29aef2fd63dba2848cb4318f288ceedefee9353e,0.0,0.0565,0.1059,0.097,0.1269,0.0,0.2551,0.131,0.1669,0.0461,0.0953,0.1841,0.2167,0.0489,0.1061,0.056,0.0861,0,mock
ce1c0eb0ead1815afdac2ad2d272c4604da5f9a5b7a7,0.0955,0.0683,0.1978,0.0729,0.0521,0.1354,0.2183,0.0,0.0,0.115,0.0135,0.1561,0.08,0.1883,0.1687,0.0344,0.1167,0,mock
5c753eb463051f61b534ee3176578b226700cdb36a26,0.9389,0.7977,0.7674,0.6659,0.9182,0.7063,0.7328,0.7741,0.6464,0.8012,0.8298,0.7089,0.7021,0.6831,0.7312,0.8097,0.7166,1,mock
d259ac0f79f95e9116b61039ed145fcfa2ebf5397da1,0.925,0.8286,0.7031,0.702,0.7796,0.7912,0.9081,0.8172,0.643,0.7335,0.8391,0.7144,0.8287,0.7436,0.8377,0.9018,0.6574,1,mock
55f58a991b3b3ef90b9b24beb3e5b9e156adca6b2505,0.1696,0.0363,0.0646,0.0056,0.218,0.0379,0.1692,0.1634,0.0333,0.1042,0.076,0.0952,0.0313,0.1638,0.1823,0.041,0.1908,0,mock
5e16327b3a36ed0355ec4c45bf1db236e5af291c4643,0.9503,0.7802,0.6576,0.585,0.8079,0.8223,0.8284,0.9297,0.8507,0.7012,0.9327,0.6384,0.8213,0.7558,0.775,0.8045,0.7115,1,mock
653a3c188cbf6212513ee7734f7cffebc8d0faa71f00,0.8351,0.8726,0.8195,0.6715,0.8714,0.8079,0.8628,0.8972,0.6535,0.7121,0.8445,0.6358,0.8862,0.698,0.8904,0.8281,0.6754,1,mock
b5db6fadf0bd4e91dfce566dc001d372d2fdae0f43df,0.0927,0.1677,0.1619,0.0239,0.1067,0.0279,0.2471,0.0268,0.1355,0.0245,0.0,0.1405,0.1193,0.1732,0.164,0.1503,0.0698,0,mock
23a10d6722603864a18f043caa940d0334acd8279d09,0.1355,0.0,0.1375,0.146,0.1159,0.1921,0.295,0.147,0.0,0.0421,0.1547,0.1133,0.2014,0.0463,0.0625,0.1968,0.1448,0,mock
9f65da454f3c7fcfe1e5d6ee49d525733a1a44e39379,0.0651,0.0022,0.0749,0.0,0.0135,0.0936,0.1471,0.0837,0.0765,0.1598,0.0064,0.1237,0.0622,0.0427,0.1406,0.0887,0.019,0,mock
8336ac561e2d51f9d67e6ebb6bb5bb2f34c38f321245,0.8864,0.7109,0.8472,0.779,0.8096,0.6402,0.7906,0.7703,0.7677,0.8772,0.8248,0.5871,0.844,0.6715,0.7315,0.7749,0.6972,1,mock
9641d04f06616283b6645ff736f29a5df8acf6b93429,0.879,0.8822,0.6855,0.7497,0.7322,0.7514,0.7696,0.8783,0.79,0.828,0.846,0.6971,0.6816,0.7624,0.6828,0.8571,0.6959,1,mock
d73d718218b8df3349c9d6395bd503af2fbd0380187a,0.1333,0.1652,0.0567,0.0176,0.143,0.1512,0.2047,0.1244,0.0,0.0249,0.0592,0.0705,0.0147,0.2063,0.1609,0.1,0.0694,0,mock
4593bbd969b89a95276a659a9b2b41632245d3252242,0.0,0.0,0.0419,0.0117,0.0653,0.0,0.2907,0.0442,0.0,0.0956,0.0537,0.1207,0.1495,0.2024,0.0651,0.0897,0.162,0,mock
72dc3102016f3348fd1ced15b0948feefa663ba59da7,0.9498,0.8734,0.8495,0.715,0.9623,0.7637,0.7122,0.7883,0.6788,0.8352,0.9513,0.7833,0.7022,0.8039,0.7257,0.7944,0.7917,1,mock
d342e0edd5be7f622424b82861d12a21d469e6f48087,0.9463,0.8766,0.821,0.6782,0.8498,0.782,0.7381,0.8881,0.8017,0.8694,0.7478,0.8178,0.795,0.7262,0.8016,0.9509,0.796,1,mock
f90bea7b60a55f9ab71687f42694e32fadae57eaa86d,0.9774,0.8109,0.7071,0.5992,0.8886,0.7036,0.8246,0.8323,0.7955,0.7644,0.7402,0.7888,0.7646,0.8696,0.7459,0.9652,0.8575,1,mock
b134388d2aa627b15ba2e1bdf63f3b2be2f4c7171c65,0.9783,0.8473,0.6397,0.7806,0.8087,0.6519,0.7396,0.8154,0.7532,0.8425,0.7924,0.8178,0.6875,0.7271,0.7885,0.9095,0.69,1,mock
43046d7ccef8910e6293f406d2fff051a935908376d5,0.1522,0.0,0.0,0.0154,0.0132,0.0481,0.2197,0.0359,0.1247,0.0,0.026,0.1803,0.1562,0.1537,0.1503,0.0215,0.1582,0,mock
f32a37a22774bcfa19a72113a567b9b2be62af903f6c,0.1648,0.0503,0.1749,0.0802,0.1909,0.1737,0.2756,0.0,0.0632,0.0,0.0,0.1753,0.1377,0.0011,0.0517,0.2105,0.107,0,mock
1e8f6870c20af8310158b7d01e776afe2de5af31cbb3,0.1525,0.1666,0.1881,0.0476,0.058,0.0698,0.1392,0.0772,0.0,0.1065,0.0213,0.0351,0.1268,0.1582,0.1025,0.1061,0.1702,0,mock
ef11108350ce770b9c190882772e446e57c73e950956,0.9502,0.8695,0.7687,0.6083,0.7317,0.7871,0.8451,0.8058,0.7169,0.7171,0.8864,0.6409,0.8852,0.7317,0.7678,0.7961,0.7933,1,mock
a14f82d2b1d5b3a5cdb9ada2c39cbba01d5fd050aa76,0.0042,0.0,0.0482,0.0804,0.0115,0.1612,0.0869,0.1393,0.1365,0.008,0.0443,0.194,0.1097,0.0454,0.0668,0.2127,0.1274,0,mock
2b9ac27aba1849b5d08a07e5a3639f62532df81e0015,0.038,0.0,0.0302,0.0591,0.0289,0.0856,0.1421,0.0959,0.1052,0.0,0.0977,0.0,0.1199,0.1392,0.0,0.0209,0.0282,0,mock
fd4ecbc2cb74b423a02b9484cb14492ccca8c7c6914a,0.9627,0.7205,0.8135,0.6975,0.9133,0.6511,0.8275,0.882,0.7268,0.9117,0.822,0.5891,0.7279,0.7195,0.6834,0.8073,0.83,1,mock
e9f2393011681d4fbe1c8e0e48a509752e65120fb8c6,0.0,0.0639,0.2052,0.0298,0.0686,0.13,0.2777,0.0438,0.0,0.0,0.0029,0.1867,0.2105,0.0033,0.134,0.1076,0.0055,0,mock
4913e8d46acc7d9db019abbdfc5a4fe428492c78a2e5,0.0361,0.0,0.0,0.1264,0.0279,0.0497,0.2619,0.1847,0.0,0.0,0.1577,0.1824,0.1885,0.1768,0.0,0.1465,0.0,0,mock
77aebb4a121fe3741f8552dcb92a040c2903b63b444f,0.9586,0.7537,0.8191,0.6595,0.7925,0.7006,0.8843,0.8429,0.8379,0.8201,0.9566,0.5971,0.8935,0.7501,0.8882,0.8216,0.7016,1,mock
d0c5df0433c84f3a2c3609ca23aef16281f53b55f589,0.0,0.1191,0.0,0.0,0.1737,0.1202,0.19,0.1427,0.1398,0.0,0.069,0.182,0.0,0.014,0.1169,0.0931,0.1803,0,mock
d1f993c29aeab6e6445ffabea79de5cd49bda8440e11,0.1688,0.0149,0.0111,0.065,0.1047,0.1116,0.1982,0.0232,0.0763,0.1001,0.165,0.0,0.0,0.1301,0.0,0.1835,0.1519,0,mock
5a51f2d2ea73961d87cf8b18751144f8d39f09099162,0.0199,0.1577,0.056,0.0317,0.1439,0.1912,0.2911,0.2049,0.0171,0.1018,0.1271,0.0,0.212,0.1254,0.162,0.1389,0.1858,0,mock
1f5510c73ab0ada2ccb3133490f7a521f4decc8c60fa,0.0288,0.0123,0.1351,0.0083,0.1224,0.1272,0.2821,0.0869,0.003,0.0,0.1194,0.0012,0.0424,0.0962,0.193,0.1647,0.0,0,mock
ea190f6ad3de156cfd0648c282d80fd73a6663e8e0d9,0.849,0.8514,0.7131,0.6862,0.7915,0.745,0.7285,0.8593,0.8539,0.8471,0.7629,0.7278,0.8208,0.6882,0.8408,0.8574,0.7831,1,mock
8e59bf1c59552b40d203ceca66515577007fe76df0d5,0.0248,0.0026,0.01,0.0,0.0069,0.0,0.3129,0.1862,0.0,0.0857,0.0859,0.0646,0.1303,0.1696,0.0058,0.0522,0.0712,0,mock
ba1b94d0bdc64e2cba892eb7cc3416af04b7f5a06a9c,0.0744,0.0,0.1397,0.1223,0.1487,0.1037,0.1541,0.2177,0.0,0.1692,0.0996,0.0748,0.1789,0.0988,0.129,0.0704,0.1955,0,mock
896ba1ca6ebd3f353a596df8a214219e091751c06f0e,0.0057,0.1687,0.1633,0.0,0.1847,0.1178,0.2716,0.0,0.0,0.0,0.0,0.0225,0.1494,0.0847,0.1988,0.2025,0.0,0,mock
e5f79c4b063b1fbfe4dff368cbb8a44590d287f5cfea,0.1213,0.0,0.0548,0.0346,0.2103,0.141,0.1547,0.1925,0.1161,0.0,0.0041,0.0423,0.0685,0.0,0.1007,0.1428,0.0,0,mock
b4b640a1b4386cb390e9bb888507cb552ae922ad6aed,1.0,0.6804,0.7878,0.7838,0.9045,0.6549,0.8072,0.7872,0.7481,0.6944,0.9693,0.7508,0.7023,0.8511,0.8953,0.8547,0.7982,1,mock
24f05f3d995766d89c154cb498fde71bb7cb918e15ba,0.8191,0.8173,0.8616,0.7857,0.8854,0.7926,0.7446,0.8283,0.6348,0.8673,0.9142,0.5821,0.8988,0.7854,0.8243,0.732,0.6906,1,mock
ebdb5f23e86208f27753debdbc06bcdb3022d8ba3bb9,0.0382,0.0,0.1015,0.0409,0.0,0.1267,0.2599,0.0715,0.109,0.1354,0.0252,0.0,0.0075,0.2001,0.0385,0.1597,0.0763,0,mock
140eff4a30fd9d36095bd0bd44215cc7c5a0f095d948,0.8485,0.9,0.7479,0.6094,0.9347,0.7385,0.8957,0.8368,0.6511,0.8437,0.9329,0.6567,0.7634,0.6456,0.8101,0.9439,0.8343,1,mock
9727432872cdc3ba86a927251a815d794815d9aaf24c,0.1189,0.055,0.0884,0.1285,0.0,0.199,0.2045,0.0749,0.1064,0.0638,0.0539,0.1114,0.0,0.0499,0.0555,0.0531,0.1586,0,mock
aecba0e8c7c28ae85fcba59a7b63574349b9a20f7ee6,0.7926,0.7792,0.8022,0.6041,0.915,0.6312,0.8121,0.953,0.7277,0.9044,0.9408,0.6946,0.7279,0.8613,0.7571,0.885,0.8479,1,mock
f9206f5540972194f41e73182481e7689740af9714ee,1.0,0.6976,0.6812,0.6436,0.954,0.8414,0.891,0.8187,0.6679,0.8801,0.8988,0.7268,0.9169,0.787,0.6819,0.9261,0.7019,1,mock
024c8fbcc3eaf48d95508f62fc104c48f0ce40c10a13,0.0,0.0,0.0475,0.1511,0.0659,0.0,0.2272,0.0528,0.1023,0.0,0.0485,0.0471,0.0474,0.1971,0.1297,0.0302,0.0071,0,mock
638eca3d5e20a7c0ba49da8234182e160aa2c0b89453,0.9261,0.7542,0.808,0.7578,0.7587,0.7999,0.8484,0.7693,0.8587,0.8055,0.9179,0.753,0.7201,0.6605,0.8675,0.7945,0.8427,1,mock
b6460278fc758ad45724fe38d917226557485a0d7e92,1.0,0.7693,0.8131,0.7177,0.8571,0.7255,0.8359,0.7899,0.6572,0.8566,0.8498,0.6729,0.8148,0.6928,0.7425,0.8371,0.8691,1,mock
0eee990c1530fd08a4e786deb22610411876887c8d06,0.8167,0.863,0.7595,0.7669,0.8573,0.6301,0.7578,0.7347,0.853,0.8909,0.9296,0.6538,0.6939,0.8407,0.9073,0.7506,0.7466,1,mock
1335a3d50832996082951c0056dc24bcbe969a81f5f2,0.9612,0.7792,0.8181,0.6958,0.8189,0.7632,0.7409,0.8036,0.7126,0.8493,0.9066,0.7852,0.8382,0.8095,0.7872,0.8978,0.6688,1,mock
f309b3735f807d63bde96af0506088e94591b2af81fa,0.91,0.6901,0.7458,0.729,0.8482,0.8665,0.8953,0.9385,0.7478,0.9163,0.9498,0.6473,0.7333,0.7684,0.693,0.9218,0.7448,1,mock
af46d33d00cb3541a826084772d9da1dffae1bee49b1,0.8409,0.6839,0.8192,0.6628,0.9059,0.7808,0.8652,0.9064,0.7098,0.6906,0.861,0.7752,0.722,0.817,0.7915,0.8969,0.7816,1,mock
7f911ed001c0b8d8b3f9921541f7d651823572822c48,0.0667,0.0384,0.1947,0.0,0.005,0.0927,0.0877,0.1454,0.0473,0.0,0.0,0.1911,0.0481,0.0359,0.1183,0.0,0.0,0,mock
47e34591685c6eedafe5fff5fdbf5a3d53284d1fe9ce,1.0,0.7458,0.7871,0.6401,0.8192,0.8469,0.7197,0.8251,0.7033,0.8479,0.7862,0.7373,0.8489,0.6303,0.7944,0.7618,0.6843,1,mock
00b429aa4f07d938f0401f281f3bae6a0d6dd7ab5ae2,0.0095,0.0993,0.0937,0.0,0.2066,0.1954,0.2177,0.0153,0.0657,0.1477,0.0361,0.1254,0.1556,0.196,0.0,0.1122,0.0339,0,mock
ff523fab11bff1b91eece8aa7f3d11253359773b1339,0.982,0.8861,0.6636,0.7093,0.7932,0.8427,0.6984,0.7481,0.6345,0.8017,0.7375,0.7197,0.7772,0.7716,0.8975,0.8624,0.7604,1,mock
f54a27d6acf6b12d59deb1e67ded2b4bcbb112d5985d,0.0189,0.0414,0.132,0.1365,0.0,0.1744,0.1599,0.0,0.0322,0.0,0.1571,0.0902,0.1707,0.169,0.0,0.1914,0.1366,0,mock
341592eac65ccc6ed99d5bdc6a1d98df64f7c6e48c83,0.0,0.0,0.1294,0.0,0.0901,0.1653,0.2104,0.0,0.1418,0.0,0.0713,0.0742,0.0784,0.0,0.104,0.0387,0.0914,0,mock
f4b78c49bac14181f9c9df7d437658e8cd0a79512a74,0.0,0.0,0.147,0.0,0.0148,0.0124,0.2596,0.1565,0.0,0.1042,0.0682,0.1228,0.2172,0.0154,0.1881,0.0825,0.162,0,mock
cb261e16d2ddbf8139272a392ab98427216713f4da73,0.8386,0.8375,0.6313,0.7602,0.9148,0.6556,0.782,0.7722,0.8599,0.8043,0.7421,0.6398,0.8836,0.7396,0.8723,0.8902,0.8671,1,mock
573d5f98cf40059814ed6283c53423bd62d6be7e31cb,0.8352,0.7558,0.8593,0.704,0.7323,0.8297,0.7396,0.7523,0.7917,0.8771,0.7482,0.8035,0.7944,0.7148,0.8946,0.7946,0.8573,1,mock
973dc46b2d14942164a09c7c4660b3d41ace67c97b09,0.8743,0.7897,0.8175,0.752,0.7559,0.7295,0.9024,0.931,0.7713,0.8653,0.8381,0.738,0.9095,0.6623,0.7997,0.8573,0.6417,1,mock
962d8d83a6a0add1d7d1ccda7f77e41d619b86ce7819,0.9904,0.7414,0.7583,0.5917,0.9687,0.7889,0.8369,0.7347,0.7955,0.78,0.8213,0.7113,0.7939,0.6668,0.8468,0.8813,0.7023,1,mock
e3f9fb9fe4cd7a35ffede4b856a293d9f4a7f2f44d41,1.0,0.7623,0.8463,0.6662,0.7752,0.8575,0.9004,0.8268,0.6848,0.8545,0.7615,0.7562,0.8215,0.6706,0.768,0.8861,0.639,1,mock
b650302414280e0f10872c0fdc68ae77ea9d721f4917,0.8816,0.9172,0.7345,0.8193,0.8805,0.8302,0.7419,0.9486,0.8494,0.6961,0.8231,0.6754,0.7583,0.6963,0.79,0.9396,0.8188,1,mock
469e95158db100f72353ae8b55af68098619ee172b93,0.0962,0.0,0.1336,0.0555,0.0789,0.1851,0.2265,0.0,0.0,0.05,0.1581,0.1105,0.1678,0.0635,0.0,0.0366,0.0,0,mock
a4b3d0ab09f5ec61876da8f8b9f1a1d0c798dc110c1f,0.0803,0.0,0.1426,0.0642,0.0508,0.0515,0.103,0.1605,0.0,0.0739,0.0883,0.0,0.0721,0.1708,0.1712,0.1286,0.0415,0,mock
4abcc63d967cf643724613e1257681c94a6d8a663689,0.8046,0.883,0.8343,0.6484,0.9131,0.6955,0.8973,0.7654,0.735,0.9071,0.7833,0.6883,0.7639,0.6364,0.6928,0.8505,0.6866,1,mock
abf3e6271930523d527065feab3d809be4b95003084e,0.8246,0.8325,0.7964,0.7349,0.97,0.7632,0.7975,0.7637,0.7055,0.7882,0.7429,0.6662,0.6823,0.6628,0.8757,0.9613,0.7513,1,mock
f585b70bc86a82cc96652ab8eaa607a41b58a54fce54,0.0,0.0533,0.0173,0.0,0.0709,0.1365,0.0927,0.1541,0.1639,0.0998,0.0,0.1061,0.1496,0.0239,0.1967,0.1716,0.0805,0,mock
b4eab727364dc101ce0309a4a1f2462d91438e3211c5,0.7941,0.9062,0.6683,0.6798,0.8718,0.8225,0.8428,0.7735,0.7211,0.7661,0.7369,0.7443,0.8812,0.8636,0.7114,0.9509,0.6571,1,mock
b9be20b372d1bacd5d930e6f3d735526813da0bff1ce,0.1503,0.136,0.0604,0.0,0.0036,0.117,0.1739,0.1656,0.1098,0.1062,0.0713,0.0068,0.061,0.1457,0.0032,0.1114,0.1215,0,mock
255e2bb478f8e04fac63481e7f97708cc3273ef3f17d,1.0,0.834,0.7477,0.6204,0.9208,0.6706,0.8529,0.8472,0.8501,0.8101,0.884,0.5941,0.6881,0.8332,0.9068,0.8904,0.8134,1,mock
e8aa9ad17a4ae622426f757f2768314d703714cc65bc,0.0975,0.0,0.088,0.064,0.0699,0.0986,0.1108,0.2064,0.0,0.1245,0.1302,0.0416,0.0806,0.1446,0.0568,0.1669,0.089,0,mock
ae7ade29f88c22c00dc233a52c8f890c445dfec8fcbf,0.8597,0.8288,0.823,0.6591,0.8103,0.8257,0.8863,0.9638,0.6627,0.757,0.9573,0.6282,0.7554,0.8615,0.9125,0.7999,0.7968,1,mock
e676793a5c663306999556317eb0cac274890b9b1dfa,0.9247,0.8897,0.6752,0.7628,0.9038,0.7641,0.7951,0.9387,0.7099,0.9097,0.7337,0.8049,0.9109,0.6582,0.9199,0.8449,0.6882,1,mock
ebcf12d29e3dda1f33becb381a2eca912df99516640a,0.0,0.0162,0.0108,0.0794,0.0,0.0212,0.1716,0.1969,0.026,0.0,0.0,0.0621,0.1467,0.1086,0.0,0.1558,0.1989,0,mock
bfca6ae6c1e8bbdb6a98414b88bad9dd448a44809f71,0.9788,0.8628,0.7923,0.6975,0.8686,0.6945,0.7794,0.8385,0.7821,0.8912,0.7523,0.7037,0.7468,0.8547,0.7686,0.9581,0.7085,1,mock
95bf887a8f662ee0fb98f9e11027ffb1556d19ef3d8e,0.1676,0.0171,0.0,0.0,0.0076,0.0297,0.1267,0.1206,0.1137,0.0,0.0,0.0075,0.0218,0.1925,0.1325,0.0616,0.0931,0,mock
7d1f193d738ca84a74c40fc19ca0d1828f5bd5d13698,0.8749,0.7042,0.7024,0.6127,0.7678,0.8577,0.87,0.9606,0.7858,0.7218,0.9625,0.7465,0.9029,0.8189,0.7336,0.8713,0.6721,1,mock
463033818b60371c184f4580e8903ea5e96c2ae55415,0.119,0.0607,0.0367,0.089,0.0,0.1834,0.2178,0.0968,0.0721,0.0411,0.0632,0.1573,0.0223,0.2094,0.0,0.0061,0.1554,0,mock
64caa2455df37553a1b123c4c8f89647b72437fbdc8b,0.793,0.8706,0.7639,0.718,0.7846,0.6921,0.7731,0.8813,0.7339,0.6841,0.8916,0.7084,0.8339,0.7784,0.8614,0.8705,0.7982,1,mock
650922aeb7dbfff7b2e29f9797d6db9a495631692771,0.065,0.0,0.0561,0.0125,0.0695,0.0896,0.119,0.0524,0.1509,0.0271,0.0499,0.0,0.0899,0.0569,0.0,0.1572,0.1941,0,mock
9919dc8a00e3e9381e90b5267a0d9fe8b7cb7b190da3,0.8249,0.7217,0.7533,0.6705,0.8328,0.7636,0.7112,0.8702,0.6912,0.7593,0.9003,0.6172,0.7169,0.7074,0.6922,0.9538,0.7777,1,mock
be0358dbd036843901e125b8f33d267db1df4ccf3240,0.9214,0.8743,0.6316,0.7734,0.8976,0.7117,0.7173,0.9597,0.7108,0.7023,0.7532,0.7834,0.8249,0.8237,0.8551,0.8587,0.8635,1,mock
b0b1dfd8fc7ed3100fc2eb9878872627028f46141fdb,0.1541,0.1446,0.204,0.0,0.167,0.0,0.1243,0.163,0.0769,0.0,0.0661,0.0154,0.0357,0.145,0.0462,0.1452,0.0744,0,mock
098f15f1c5e312a0074f54ebfe52b6e9448e5780720e,0.0493,0.1334,0.1689,0.1317,0.1086,0.029,0.0914,0.2191,0.0265,0.0,0.1083,0.0,0.1826,0.0027,0.0408,0.0,0.1523,0,mock
37fbb778160fa0cb976db47651a4472ea948d2bd5e00,0.0162,0.0,0.1319,0.1065,0.0136,0.0063,0.2527,0.1223,0.0474,0.0,0.0597,0.0339,0.1081,0.1802,0.0678,0.219,0.0,0,mock
24b68eb2420004ec2ee61f3161f1ad0ed9121a2f9d0b,0.0062,0.0573,0.014,0.0,0.0,0.0,0.2892,0.1804,0.1095,0.1523,0.0,0.1705,0.1271,0.1628,0.0233,0.0551,0.1742,0,mock
1d41d4af499c94ee8cfc7491dd83ff54d4c4e27437ab,0.9834,0.874,0.7555,0.5861,0.7649,0.7909,0.728,0.91,0.6686,0.7488,0.7901,0.7815,0.8457,0.7008,0.8609,0.7378,0.8254,1,mock
7c39fd7e7f3c936a4be116f8c18b39049120b4db3b58,0.0441,0.0,0.171,0.0864,0.0524,0.153,0.1839,0.1096,0.0,0.0266,0.08,0.0688,0.1632,0.0233,0.0,0.1488,0.1671,0,mock
c6470eee9c2df8cb8b746ad67e9c5f25afeef8f69eed,0.8966,0.7313,0.7262,0.5941,0.821,0.8665,0.7436,0.9182,0.7392,0.7815,0.9598,0.8189,0.8134,0.8024,0.7172,0.8012,0.8625,1,mock
e464a1e0e361e8422cf498ff51b1742dac7f9bba71b0,0.0,0.0692,0.1776,0.0,0.1044,0.0495,0.1964,0.0617,0.1486,0.0,0.0,0.0131,0.0252,0.1953,0.1072,0.1795,0.0862,0,mock
9a3d6b6ea4256147c66c45443b0028e985ed4e96a758,0.0186,0.0,0.0325,0.0024,0.1237,0.1959,0.1044,0.1087,0.1677,0.1341,0.0,0.1902,0.124,0.2155,0.1271,0.1427,0.1934,0,mock
216b37f269fefb57f13da1de70d2533ef98d0407393a,0.1392,0.0,0.1083,0.0,0.008,0.0012,0.1945,0.146,0.1385,0.1618,0.0745,0.0768,0.1284,0.2137,0.0466,0.1417,0.1257,0,mock
5816b4413903a158d68485abc7a2a137dfb2f0c3276b,0.0707,0.1462,0.1044,0.0,0.0815,0.1591,0.1407,0.0525,0.1622,0.088,0.0219,0.0339,0.0788,0.1903,0.1346,0.0013,0.1127,0,mock
baa1283a4de301ed9048ac54863bfef438100bd5489a,0.0,0.1008,0.1788,0.0,0.0,0.1732,0.1943,0.0871,0.0186,0.0563,0.0712,0.0845,0.0747,0.0433,0.0797,0.0816,0.0656,0,mock
f757aefc824f550edec2d313ced8ae31008006cb645a,0.096,0.0728,0.169,0.0,0.0893,0.099,0.3036,0.0024,0.0018,0.0185,0.0209,0.0,0.0826,0.1121,0.0303,0.0123,0.1267,0,mock
82fc3bdfd5ab5283b8da53a1f7be037eb6ed17b2f0af,0.0577,0.0623,0.1615,0.0,0.0905,0.0,0.2765,0.2016,0.0451,0.0048,0.017,0.1561,0.1935,0.1234,0.1433,0.0621,0.1304,0,mock
347870d494a13590bcf45ff0abbb3b295926dd1aecdd,0.854,0.8958,0.8211,0.7866,0.9457,0.6804,0.7399,0.7547,0.8172,0.8922,0.8275,0.729,0.7171,0.8532,0.8875,0.9643,0.8246,1,mock
3ae5f822cb301f7503cae726a93fe45d270c38b874f9,0.8464,0.6809,0.8151,0.7329,0.7929,0.8079,0.8124,0.8326,0.6323,0.6981,0.9419,0.7969,0.8109,0.8303,0.8198,0.7655,0.6606,1,mock
0c469d1205514a9d3359390f5b64bdd1401873d7ed83,0.0728,0.1375,0.1604,0.0993,0.0555,0.0,0.1793,0.0993,0.0,0.0385,0.1582,0.0119,0.0526,0.0069,0.1484,0.1667,0.1792,0,mock
7c01fd562d9718b9f780b12e00c182ee59e9cd96aab3,0.9255,0.8037,0.7087,0.7271,0.769,0.8677,0.8574,0.8018,0.7107,0.8788,0.8578,0.7501,0.7519,0.8258,0.7684,0.8917,0.8652,1,mock
4b01e973f7269ac328969b404bd5b99443b58f589924,0.8079,0.9058,0.664,0.6549,0.8393,0.6796,0.7959,0.8443,0.7352,0.8472,0.8065,0.6521,0.8744,0.6576,0.8838,0.8855,0.7925,1,mock
f96870c861c414ebeabbb9f2173e6355662b469f3110,1.0,0.782,0.7607,0.7354,0.948,0.8284,0.6971,0.7698,0.7038,0.8597,0.8666,0.6493,0.7098,0.7953,0.8479,0.9562,0.7501,1,mock
fe777f15c208c50b547ff834f9ea89355fd70c64c6ca,0.0744,0.0281,0.009,0.0672,0.0,0.0,0.1692,0.2178,0.0028,0.0466,0.1199,0.0,0.1215,0.0,0.1746,0.1934,0.0117,0,mock
c9679bc195cf23cf4b01c694c0b239e3e060bed36432,0.8326,0.9194,0.7523,0.6018,0.7413,0.6563,0.8306,0.9201,0.7313,0.6952,0.8216,0.8191,0.807,0.8631,0.8866,0.7328,0.803,1,mock
cc179c2ed81a61cbd730de73fdeebeb29cd5b6698125,0.9655,0.7986,0.8111,0.7624,0.8377,0.8518,0.8155,0.8825,0.7799,0.8874,0.8805,0.6162,0.6964,0.7361,0.7527,0.7959,0.6435,1,mock
720724aca1fa18420c2be94e50215d26416e011835e2,0.8348,0.8021,0.6406,0.7871,0.7887,0.7432,0.7719,0.766,0.8535,0.8858,0.8627,0.7993,0.8578,0.7306,0.7572,0.8299,0.8029,1,mock
b3422f9c08137855c81cf30deb879d725d72ae09c86e,1.0,0.6841,0.8252,0.7418,0.9235,0.8483,0.7057,0.7531,0.6657,0.7261,0.8563,0.7757,0.7442,0.7253,0.7695,0.8274,0.7656,1,mock
d153dd0e033638b34cea801feaa9f9044d4f82a21ead,0.9661,0.6905,0.8087,0.7493,0.9247,0.7227,0.8393,0.927,0.8654,0.7989,0.7389,0.7005,0.8216,0.8387,0.8898,0.8357,0.7562,1,mock
68a69c7210dd62243226ead1752195f8020456139653,0.0,0.097,0.1211,0.1666,0.0707,0.0537,0.2174,0.174,0.0,0.092,0.0106,0.0807,0.1636,0.0615,0.1076,0.0672,0.0646,0,mock
97425ddd8d2c16e981a2b888a1ae09a2e800f363a001,0.842,0.7232,0.86,0.7238,0.8653,0.6345,0.8527,0.8888,0.698,0.7006,0.8378,0.8183,0.8882,0.6709,0.8793,0.8742,0.8207,1,mock
250ab834730411fa2e5dbbd11f288f48c7eedacb8ee9,0.1104,0.1142,0.1703,0.0,0.1389,0.0777,0.1428,0.0625,0.1363,0.0612,0.1586,0.0,0.0833,0.1996,0.0521,0.0555,0.0503,0,mock
4fec2af337eebaf2f35c2187fb49ef837cad5676d070,0.0657,0.1384,0.1307,0.0442,0.1466,0.0,0.203,0.1181,0.1329,0.0,0.0,0.0367,0.1908,0.0125,0.0,0.0454,0.0607,0,mock
50b8100f85f76380f449df2bff5bc76af1e9305bc742,0.0322,0.0,0.1023,0.0625,0.088,0.0453,0.1246,0.1251,0.0687,0.1332,0.0,0.0804,0.0786,0.1111,0.0481,0.2148,0.0964,0,mock
e36714bbdc95221cd1caf4a4821008d4caf3435994b6,0.0,0.0327,0.206,0.1415,0.1754,0.0332,0.2859,0.2074,0.0276,0.0051,0.0,0.0,0.1552,0.2068,0.0,0.0,0.1384,0,mock
1e2f9861413520cec7fcbc70ccea5a610fbe7b4dc67e,0.8793,0.815,0.6831,0.615,0.7926,0.8543,0.819,0.8302,0.6666,0.7592,0.8212,0.78,0.7998,0.7871,0.8444,0.7918,0.8272,1,mock
c3c94b9ee178bd7708ae7da10bb74ad79ac5bfe4a10a,0.8355,0.9173,0.701,0.6914,0.754,0.6719,0.6895,0.7997,0.8224,0.755,0.9072,0.6028,0.862,0.641,0.8845,0.8892,0.6709,1,mock
ef8466abb976c76b9f5735fc772fec40ce5a47af1e3b,0.1177,0.0,0.1427,0.1681,0.1463,0.0879,0.1407,0.1144,0.0389,0.1551,0.0838,0.1863,0.0,0.2053,0.0638,0.2188,0.0258,0,mock
5ad524312901bf868c78f36c52269638f7008ff333f3,0.8508,0.8275,0.6826,0.6121,0.7668,0.8095,0.8254,0.8298,0.7618,0.793,0.859,0.7394,0.7324,0.6894,0.8611,0.9396,0.6496,1,mock
a9af4f5b4a46b9128d9f2a3ece90834bc852acbce691,1.0,0.7661,0.7256,0.6256,0.7593,0.8335,0.7891,0.8891,0.784,0.8233,0.7351,0.7688,0.7385,0.6602,0.8155,0.7465,0.8136,1,mock
4b693c1b7aafeb06faae68f823dd880c3ea862bcaaad,1.0,0.6876,0.7281,0.7646,0.9138,0.8648,0.835,0.8309,0.8683,0.7718,0.9387,0.7976,0.7702,0.7939,0.8388,0.8594,0.7868,1,mock
db15bdb7b6e6ad64c692469e374a885af7ce20608cc7,0.8084,0.8635,0.7755,0.7698,0.7842,0.7554,0.7881,0.8363,0.8364,0.9176,0.8033,0.729,0.8263,0.8076,0.9074,0.7799,0.6806,1,mock
fd66fb0dfcadf5ffa7fd96cbc2b2f11e226c77527b41,0.0,0.0,0.0348,0.0061,0.0499,0.0242,0.2347,0.0451,0.0368,0.1371,0.0172,0.1009,0.2117,0.0794,0.0041,0.0,0.1347,0,mock
cb3842b7dbc5be0573ec4da2f4ae6cefecbf6c4b665e,0.0829,0.0783,0.0453,0.0795,0.0251,0.0,0.0919,0.1084,0.0,0.0,0.0,0.1316,0.1545,0.0359,0.0,0.0985,0.0421,0,mock
92c50de7d0194d6843573821e08be93f7a3db62bb021,0.9651,0.687,0.8237,0.6453,0.7453,0.801,0.8184,0.7485,0.7392,0.7664,0.8499,0.7161,0.7682,0.6912,0.7047,0.8677,0.8035,1,mock
c23c86bef6183e091b86bee8e7de81faadeaf11e78fd,0.8629,0.8414,0.8655,0.736,0.96,0.7509,0.8466,0.8074,0.6577,0.7645,0.8453,0.717,0.8401,0.7302,0.8595,0.9319,0.6986,1,mock
ba2745dbb1b1fb73d32bb386847502fcd59205ba3334,0.1534,0.0475,0.2136,0.1277,0.0146,0.0,0.2507,0.0111,0.0991,0.1372,0.0,0.011,0.0936,0.1592,0.1866,0.0686,0.1884,0,mock
dae54995e2b4527ede1500c061a9a4cc9c32ffee3ddc,0.0988,0.127,0.0662,0.1367,0.1878,0.0165,0.2485,0.0746,0.0064,0.0219,0.0216,0.0908,0.139,0.094,0.0052,0.0723,0.1819,0,mock
6e344f9ef2b7957d74a053ada5a768c0ec905d098315,0.0147,0.0394,0.0199,0.1518,0.1508,0.0285,0.3136,0.1814,0.0963,0.0899,0.0,0.0171,0.0,0.056,0.0,0.0425,0.0043,0,mock
3b92dc5fcee4e67d2838713ccda626c16cd1400cc607,0.9769,0.7237,0.7883,0.6435,0.9038,0.7122,0.7888,0.8717,0.6852,0.7725,0.7561,0.6286,0.8863,0.751,0.7808,0.7659,0.6531,1,mock
18b344c2d0e537b7c2a04387b6e0d90f4b4613ae0d4f,0.8457,0.9113,0.8629,0.6887,0.762,0.7291,0.848,0.9096,0.7017,0.8484,0.9366,0.7508,0.9045,0.7818,0.7282,0.8798,0.6997,1,mock
db320ef02c559f54fdc263a142d80d1319f7bf9422bd,0.0365,0.0,0.0958,0.05,0.0257,0.1817,0.2558,0.1057,0.1161,0.0,0.1392,0.1573,0.2051,0.1424,0.0,0.1539,0.0702,0,mock
739b19190465b1be9cacb14720cc96545c128faeb6d6,0.8536,0.8452,0.6606,0.7549,0.9577,0.8577,0.774,0.9686,0.8616,0.6878,0.8746,0.801,0.9122,0.683,0.8157,0.9548,0.6638,1,mock
c7eaf7ef8520ce5ef47013a45e267ec85129e884bc69,0.992,0.6883,0.7786,0.639,0.8008,0.7289,0.8122,0.7446,0.6971,0.7129,0.7779,0.7923,0.8062,0.7814,0.8725,0.9208,0.8675,1,mock
508d650cc5d02fb757eb0df661091fb6ae61b28a47c9,0.0,0.0734,0.1315,0.0826,0.1154,0.0856,0.2335,0.0543,0.0133,0.0595,0.1231,0.066,0.0678,0.0424,0.0329,0.0,0.1557,0,mock
a2cbced5fa0f917c1562aa004a89deca2f9a2564f731,0.8459,0.6986,0.6986,0.6452,0.8067,0.7596,0.7132,0.7855,0.7965,0.8495,0.7454,0.6778,0.8102,0.7298,0.7296,0.8308,0.8472,1,mock
0282c0bfd65611c7cf9cd6ab082e04bf0cd9c54307ea,0.8965,0.7625,0.7938,0.5916,0.7539,0.8181,0.7903,0.7598,0.8358,0.7859,0.7302,0.8099,0.7286,0.7953,0.7117,0.886,0.6682,1,mock
110efdf2318381eee5ad1c4e2ac20376e42172961a1b,0.0,0.0924,0.0582,0.117,0.0583,0.0,0.2571,0.1888,0.0201,0.0,0.043,0.0763,0.1937,0.0148,0.1827,0.0892,0.053,0,mock
28139a82481eda12da38a7a4d076fd9dd14c804b863c,0.0877,0.0,0.0504,0.1007,0.2104,0.1599,0.2415,0.1563,0.121,0.1219,0.1327,0.1092,0.0478,0.1598,0.1201,0.011,0.0079,0,mock
26eeede7b87e852e6f6e891200768a7a4c92321561fa,0.1066,0.0,0.0,0.1164,0.0576,0.1818,0.1015,0.1412,0.0316,0.0136,0.007,0.1025,0.0,0.0532,0.197,0.1279,0.1976,0,mock
9cc28302be5153eeda23ea96742701b5558fdae9a06b,1.0,0.7851,0.7976,0.6091,0.9636,0.7761,0.7374,0.768,0.7622,0.8125,0.7524,0.8181,0.8991,0.7407,0.7082,0.9297,0.7496,1,mock
57d87722f5546d6a437efa1d39afb0002dff49bb5e1d,0.8509,0.6895,0.7491,0.6298,0.9539,0.7093,0.6807,0.8912,0.8477,0.8805,0.8906,0.6158,0.7016,0.7528,0.8537,0.7543,0.6914,1,mock
710e4d9872ee56736c6a06d804fba65cdd012e0765dd,0.0,0.0,0.1823,0.1486,0.0,0.1226,0.1709,0.169,0.0,0.1547,0.0032,0.0176,0.1743,0.1386,0.1859,0.2145,0.1994,0,mock
0e213075e3cf4577661188b46e19eb82f8cd306e6625,0.9508,0.9026,0.783,0.7705,0.8521,0.6591,0.7282,0.7633,0.8197,0.6863,0.863,0.6685,0.8729,0.7624,0.8269,0.7507,0.7042,1,mock
3a12e4fc70e9ceb4d58b56ecf443b7a02c523d409256,0.8559,0.7828,0.6312,0.6391,0.7832,0.8076,0.7847,0.9316,0.6622,0.8559,0.9407,0.6911,0.7661,0.7033,0.8124,0.7722,0.7756,1,mock
e88de75d1fd0b7516e6a0b29e35984dd84f700612c6e,0.8451,0.6987,0.7195,0.7005,0.9465,0.673,0.873,0.9655,0.859,0.6965,0.8416,0.6478,0.8828,0.7086,0.8127,0.7319,0.6782,1,mock
a195efef6176459cc0903558147a8ebbe1ac3050d888,0.9227,0.8287,0.7306,0.7201,0.8555,0.8543,0.729,0.9019,0.6873,0.775,0.8912,0.652,0.7559,0.8104,0.6974,0.84,0.8696,1,mock
8fa744a77c8bce99ec9f2cfaaffc87cd521eed728d9b,0.1013,0.0554,0.0,0.1538,0.1449,0.1026,0.1009,0.0921,0.0,0.0549,0.0882,0.035,0.1186,0.0549,0.1741,0.057,0.0062,0,mock
a81c61f840d3a5ef04aac711d9294f0123b625fca645,0.0,0.1295,0.1995,0.0631,0.0,0.0,0.151,0.0432,0.0181,0.0,0.0831,0.051,0.0245,0.0,0.1656,0.1662,0.0173,0,mock
dd5ad73476cedfbbbea8dd74d92a92bf39d4e8846cb2,0.1108,0.0312,0.0348,0.1224,0.0792,0.0582,0.1901,0.1846,0.1207,0.0168,0.0,0.0,0.0,0.1735,0.1865,0.0003,0.0356,0,mock
4e5ded79de602f3c562df26c1caf2996ee529f57e469,0.8514,0.7494,0.6797,0.7492,0.8061,0.7137,0.9041,0.9209,0.6956,0.7092,0.8924,0.6711,0.9152,0.8264,0.9091,0.9231,0.6997,1,mock
2b21f70349f4af54a700b1dbd217efc8f39fbf9704c5,0.8315,0.7761,0.7112,0.7121,0.8973,0.7996,0.7186,0.9615,0.6313,0.7019,0.7649,0.8022,0.7845,0.6454,0.7332,0.7492,0.6391,1,mock
7b5fa1c15aac43c11f38618d66b7e6702f57e9224e7b,0.0728,0.1678,0.0095,0.1311,0.154,0.0268,0.2512,0.1197,0.0,0.1195,0.0845,0.0561,0.0942,0.1248,0.0571,0.0963,0.0269,0,mock
a564e07f75f47583803c21a1e3c178e66759510cdd82,0.1144,0.0,0.1651,0.0363,0.157,0.0,0.1906,0.165,0.0551,0.1657,0.0435,0.1235,0.0549,0.0575,0.111,0.0,0.185,0,mock
0f2c450cb5ce3b237a4f0a9c6aabafc69b3e9756539e,0.8343,0.7445,0.6448,0.7605,0.8902,0.6506,0.7625,0.8599,0.863,0.8215,0.8629,0.7818,0.8764,0.7305,0.8085,0.9381,0.744,1,mock
24380c85348e59dc5284037bf9a0693c0e44184b5faf,0.1579,0.0209,0.0713,0.1144,0.1989,0.0957,0.2383,0.016,0.1385,0.0,0.1009,0.0607,0.0543,0.1645,0.0671,0.1303,0.0,0,mock
211666586f5c06737591f03d3b9b88d402ae296996ee,0.8145,0.783,0.7776,0.6377,0.83,0.7894,0.7005,0.9639,0.6462,0.8063,0.8518,0.8172,0.813,0.7237,0.7928,0.8826,0.8654,1,mock
b0f38b9dd1c169049d979424bbea670c32908f518120,0.0821,0.1215,0.055,0.0,0.0625,0.1468,0.1925,0.103,0.0426,0.1061,0.031,0.1905,0.1716,0.0494,0.0,0.2015,0.1399,0,mock
c21f23482d431d48203f6523f525b0ec0efaba91d34d,0.0305,0.0,0.089,0.1194,0.0,0.0127,0.0809,0.0335,0.0,0.0797,0.0,0.1363,0.2086,0.0596,0.1376,0.0293,0.0042,0,mock
7ea7f0ffcf54daf48976999780ec11013356faa55ff1,0.9153,0.7529,0.7795,0.6913,0.872,0.7484,0.8654,0.7769,0.8461,0.8625,0.7888,0.5815,0.7784,0.6859,0.7631,0.9315,0.8405,1,mock
575ab2497c1bb6a80fd005ab1bcef618d3f4fd19e6ae,0.798,0.833,0.7172,0.7723,0.8931,0.8587,0.7143,0.8758,0.8175,0.6884,0.7461,0.7668,0.7679,0.7219,0.8161,0.8752,0.793,1,mock
4d37f056129cf0319fc719fa2486c102712764b11cd6,0.0,0.0,0.0195,0.0046,0.1302,0.0,0.1952,0.1739,0.0722,0.0803,0.0102,0.0201,0.0059,0.0372,0.0418,0.0,0.0401,0,mock
b212fba40dc8a6ce9b8f38749276d37da1de7c0bf3eb,0.8084,0.7353,0.8247,0.7529,0.8456,0.7449,0.7306,0.7687,0.83,0.6854,0.7404,0.7176,0.7187,0.7811,0.6894,0.8673,0.6434,1,mock
ad304357deab90e58b58b42a25505718522d6f0723a1,0.787,0.7607,0.793,0.677,0.7696,0.7422,0.7106,0.8793,0.6365,0.7746,0.8655,0.5865,0.8343,0.6626,0.7908,0.7421,0.721,1,mock
3d65f664799fd01817fce05191676f6c5d0c8bd336a0,0.8334,0.8344,0.7268,0.6364,0.8402,0.8223,0.7875,0.9356,0.7373,0.7085,0.8494,0.7368,0.7046,0.729,0.8137,0.73,0.6518,1,mock
c467b3d4e6d2f3dc59e1aaf39020b9fa1db44fafdc69,0.8509,0.9147,0.788,0.6459,0.8658,0.7946,0.8587,0.7418,0.7755,0.7992,0.947,0.6487,0.8717,0.7757,0.7646,0.8828,0.779,1,mock
a8ea212ee46b7ebfa75c8f8aa6a5fb0f3557086601d3,0.0972,0.0,0.0693,0.0878,0.1769,0.1052,0.1807,0.0168,0.1682,0.0341,0.0,0.1049,0.0,0.0099,0.0,0.1116,0.0,0,mock
88c996d3fc286506a434862f56abe59392fb7fde0cf3,0.0076,0.0,0.0,0.1165,0.0719,0.0398,0.0944,0.2093,0.0,0.0357,0.048,0.1829,0.1265,0.0228,0.0781,0.0145,0.1445,0,mock
a405f5eb332f0824525dd36faf643738d1eddd31da41,0.919,0.8101,0.8095,0.5937,0.8702,0.7507,0.8847,0.7678,0.8606,0.6992,0.7746,0.7228,0.8421,0.6864,0.7088,0.9437,0.6891,1,mock
908c4aad7114abba3447bc914f403490e360c32b6e0f,0.8942,0.8275,0.6394,0.7681,0.8508,0.6582,0.7957,0.7613,0.7748,0.8786,0.9453,0.766,0.8358,0.7553,0.7689,0.7404,0.7572,1,mock
1f4d879c3f8a2c053a1a837b52345505ecc8aae96781,0.0465,0.0,0.117,0.1307,0.1379,0.0862,0.2483,0.0414,0.0179,0.0754,0.0,0.1833,0.0301,0.0979,0.1735,0.0,0.1522,0,mock
99ff7f5866608766749005a63a6b8eef105f51d088ba,0.0,0.0426,0.0171,0.0,0.0,0.0802,0.2541,0.0979,0.1522,0.1557,0.1629,0.0496,0.0975,0.1339,0.1012,0.0781,0.0,0,mock
ecdaaf9c9198958e0f3a782cc6c65c1b37ab34019053,0.9539,0.9144,0.7559,0.6479,0.7541,0.6766,0.7346,0.7731,0.6334,0.8082,0.7958,0.8138,0.8128,0.7974,0.7103,0.9384,0.7478,1,mock
2140f2cf08e05718097070d3b186fdab797fc8fd6643,0.0,0.0983,0.0113,0.0,0.0,0.0338,0.2705,0.0895,0.0,0.0719,0.1263,0.0,0.0993,0.1718,0.0129,0.1731,0.0623,0,mock
66285bbcecec8c59001d4251a0f18ee0e37c94eb0e46,0.0378,0.1379,0.0581,0.122,0.1395,0.0583,0.1359,0.0749,0.0598,0.1599,0.1436,0.1366,0.135,0.1878,0.1297,0.1173,0.1511,0,mock
dc689aec51d06a5612ae8af74ab8ed8cfea9bd0e5236,0.0532,0.0,0.0085,0.0,0.0,0.1202,0.2611,0.1678,0.1508,0.0,0.1463,0.0043,0.0644,0.0018,0.163,0.206,0.1877,0,mock
c7230af41844ae11ce547fdf5609bfcd76497d77c8b7,0.0063,0.0752,0.2064,0.148,0.0667,0.0,0.2849,0.0687,0.0195,0.0,0.0143,0.1946,0.1898,0.001,0.1347,0.0866,0.1982,0,mock
f74b4d78c0745beb8fb7181f01ec9ed90e502e4b7aab,0.0882,0.0368,0.1185,0.0968,0.1054,0.1966,0.1645,0.1092,0.0,0.0,0.1267,0.0169,0.0251,0.0519,0.1598,0.2098,0.1045,0,mock
1d3d39c0b487fa9bfd40eaa43fc976f05819bef67b2d,0.0441,0.0731,0.0691,0.0,0.0178,0.0,0.2285,0.2034,0.1693,0.08,0.0,0.1147,0.1483,0.17,0.0,0.0358,0.1956,0,mock
7ba91767a977ebfa18677d51b3c354c4d1a747314c7a,0.1151,0.0209,0.0986,0.0884,0.0017,0.1561,0.2929,0.1968,0.0827,0.0,0.0,0.0,0.1075,0.0736,0.0987,0.027,0.1236,0,mock
3735f1610a307516e41cf331a7a8be1823f9bf4c2c67,0.0986,0.1099,0.0386,0.1074,0.2082,0.1576,0.2913,0.1067,0.0762,0.0758,0.1615,0.1219,0.1917,0.1056,0.014,0.0,0.1615,0,mock
affe7950d1f9554d1b4783736bc2a14ca3a52d1fe4c0,0.8308,0.7584,0.8127,0.671,0.9105,0.8297,0.7405,0.7497,0.6347,0.8095,0.97,0.664,0.836,0.8175,0.8364,0.911,0.8579,1,mock
722cd39e41339e6cb101c6b062c82f9e86ba7a5a9c0f,0.0,0.0,0.0593,0.0111,0.1414,0.1799,0.2713,0.135,0.0456,0.0805,0.1441,0.0889,0.0604,0.1682,0.0593,0.1582,0.1604,0,mock
2165aebeb5c1d6002fda73f62ab545c358c1d100d100,0.1414,0.0395,0.1481,0.1008,0.0514,0.1071,0.2744,0.022,0.0,0.146,0.106,0.0699,0.1986,0.024,0.0965,0.0745,0.187,0,mock
65ba1230adb02ae37d227117bea6825905895397f530,0.1045,0.0653,0.0,0.0436,0.0206,0.0,0.3177,0.1741,0.0798,0.0,0.0,0.0813,0.1843,0.0467,0.0,0.0474,0.1659,0,mock
27358d57ee3790e5359538c09a21f28bdf7979a87fc2,0.8781,0.7612,0.7735,0.7694,0.8854,0.6458,0.7027,0.8928,0.6982,0.8537,0.8876,0.7975,0.8896,0.71,0.8199,0.7639,0.714,1,mock
40f1c6240277decdd2889be53a6edae70436c8a6b8ba,0.0,0.1028,0.1317,0.1641,0.0285,0.0,0.2461,0.0,0.0,0.1344,0.0401,0.0011,0.0625,0.1927,0.1049,0.1695,0.1131,0,mock
7abcacf84f070d3de27dc22f2afe94285eaf329a316a,0.867,0.7233,0.6814,0.8074,0.8467,0.6844,0.713,0.7485,0.8327,0.7043,0.915,0.7804,0.8921,0.6391,0.7608,0.9139,0.6615,1,mock
23fb8d24b8a07e75d14923e55f0fb76f5a96f1d36841,0.0048,0.1219,0.2195,0.0413,0.1699,0.0393,0.2825,0.2084,0.0,0.1162,0.0,0.0728,0.0261,0.182,0.1561,0.1788,0.0,0,mock
75d2d5f878ce1397dcc9d61a9dcb44e71216dfd15edd,0.0,0.0486,0.0112,0.1355,0.124,0.1988,0.1479,0.1425,0.0304,0.028,0.0,0.0296,0.0428,0.1282,0.1778,0.0687,0.1242,0,mock
5ff88883afd197c8f707378b55e80ced3e4613a6dc3d,0.0,0.0066,0.0859,0.0,0.0158,0.0257,0.0837,0.1295,0.0534,0.0,0.0141,0.0364,0.014,0.149,0.028,0.0388,0.0,0,mock
df701748d80673ffbfffc17cd3faad270b5284e22109,0.1125,0.1267,0.1705,0.0,0.0715,0.165,0.2621,0.2012,0.0728,0.0,0.1044,0.0218,0.0913,0.0889,0.05,0.1254,0.0,0,mock
0b8dfff4cd7fd43867443e685324869ea15ec6ad5b00,0.1522,0.0,0.2138,0.0,0.0,0.1953,0.236,0.1224,0.1627,0.0805,0.027,0.0,0.0378,0.0973,0.1251,0.2091,0.1167,0,mock
91a95c0e6bfe6bbe72afd71972192614936f7b8b2a88,0.954,0.7071,0.8243,0.6806,0.9139,0.8421,0.6838,0.7795,0.6542,0.6881,0.8735,0.7488,0.6917,0.8077,0.7765,0.7862,0.6821,1,mock
2006759cd09d7e7f9463de10b9a797d492691f8f4554,0.103,0.088,0.1093,0.023,0.1058,0.0794,0.2124,0.1271,0.0074,0.0838,0.0,0.0856,0.0,0.1804,0.0,0.1896,0.0085,0,mock
3f93d1e2bf4f4609f87fd9ea4b8ab4e748162abcbe19,0.1554,0.071,0.1006,0.0944,0.0461,0.0,0.1142,0.0,0.0258,0.1238,0.0562,0.1785,0.191,0.0904,0.0983,0.1569,0.0291,0,mock
e4414fbf33f3b48e947543e10c09f35e8188424f3161,0.7962,0.7036,0.8041,0.6969,0.8094,0.6608,0.8373,0.754,0.7787,0.896,0.8063,0.6882,0.8279,0.7034,0.8202,0.8657,0.7175,1,mock
c533ace8ebbfde37c2eb67b4fa8eaf0b0ae733a98ac4,0.0845,0.1125,0.105,0.1646,0.1355,0.0292,0.0857,0.1833,0.0095,0.0,0.0594,0.1776,0.1396,0.0396,0.125,0.1527,0.1059,0,mock
7ac10fdade693cffab438d049263e239866a734eb55f,0.8256,0.8473,0.8033,0.7552,0.7937,0.6976,0.737,0.7419,0.7672,0.8816,0.7669,0.6666,0.7826,0.7007,0.8389,0.8741,0.6779,1,mock
396ff8a5350572738cfc7ead1d4ae14ef25d3860b200,0.9432,0.6822,0.7969,0.7761,0.9672,0.7314,0.7117,0.747,0.7219,0.8554,0.7546,0.6552,0.8914,0.6629,0.8656,0.9108,0.662,1,mock
54640357a341a889cafb72f1a5f780fec725b4703d6a,0.0,0.0993,0.193,0.0366,0.1737,0.1056,0.1764,0.0,0.1369,0.0,0.0349,0.0596,0.1863,0.0562,0.0217,0.0075,0.0,0,mock
f05ac247ec6c9e27e7a23ae5dec718f070cb9049b68a,0.1296,0.0,0.0034,0.0,0.087,0.0127,0.148,0.0263,0.0,0.0,0.1552,0.1176,0.1805,0.2081,0.1131,0.1499,0.0,0,mock
3f4d892f48d6e07612126216f58c048ec0eb7a710d50,0.9385,0.7177,0.6717,0.598,0.7306,0.7381,0.8225,0.7999,0.6856,0.8497,0.8987,0.689,0.845,0.8517,0.8691,0.88,0.7887,1,mock
415053f356bf93fd6134e3e78cb1c933f04bded1fada,0.0679,0.0537,0.2056,0.0478,0.0847,0.1626,0.2674,0.1685,0.0596,0.0,0.159,0.1563,0.0957,0.1161,0.1844,0.0661,0.1236,0,mock
4bf8b64ab6df162100634c0d9a7bf4408ff0e980df7a,0.9769,0.7479,0.7017,0.7209,0.9697,0.7475,0.7157,0.8593,0.7128,0.8125,0.8604,0.6893,0.7572,0.6753,0.8474,0.8672,0.6861,1,mock
8078d0ddb146671117764801dd95e6cfeeee57c8c6da,0.1423,0.0,0.0093,0.1236,0.059,0.1002,0.1736,0.1596,0.0,0.0315,0.0,0.002,0.2128,0.0855,0.021,0.1215,0.0777,0,mock
d4d21722598fc9a191745922cadc1b785341ab302f15,0.8587,0.6819,0.8093,0.6222,0.8212,0.7989,0.8001,0.93,0.8235,0.6973,0.9368,0.5902,0.6845,0.8511,0.8869,0.8682,0.7676,1,mock
10afa4f86e87920357d40513b03306fe27f7f711e592,0.006,0.0669,0.1992,0.0031,0.2064,0.0643,0.3158,0.0626,0.0,0.0,0.1667,0.057,0.0106,0.0506,0.0486,0.1117,0.0,0,mock
e8b90db45c1ef33ed0fb1b2cb42af7b4d3f897dda7ca,0.1489,0.0154,0.0496,0.0571,0.2047,0.0833,0.2639,0.024,0.0,0.1106,0.0605,0.1694,0.1784,0.1444,0.0323,0.1445,0.1252,0,mock
b5d1cdb38cb1d96dcbe152677bd6a65479ff87a1ea8a,1.0,0.8433,0.6585,0.814,0.8245,0.8208,0.7614,0.9553,0.8112,0.7278,0.8522,0.7,0.6909,0.6629,0.7599,0.8437,0.7397,1,mock
32812f237db6199b3df6ba67d6c430034092010ac62b,0.092,0.0,0.1131,0.1185,0.0531,0.0576,0.1001,0.1326,0.0,0.1623,0.0196,0.1965,0.1677,0.109,0.0617,0.1988,0.0684,0,mock
426f913aa249ba102286166f71ec01463d33e2eaabc3,0.0578,0.0212,0.1493,0.0439,0.0148,0.1689,0.0828,0.2025,0.0377,0.0928,0.1608,0.1239,0.0,0.2003,0.113,0.2095,0.0636,0,mock
72a1ed81a3ca5d5464515ab3641fa7d01145b3824de3,0.1598,0.125,0.0,0.0164,0.0,0.1538,0.1581,0.0866,0.0756,0.026,0.077,0.0,0.0827,0.2036,0.1834,0.2168,0.1657,0,mock
8f4af16a8f8b2ae9622a9cb6bcddf5a37bdeea0881ad,0.8006,0.8285,0.8215,0.7511,0.7497,0.667,0.8508,0.8821,0.8075,0.756,0.7556,0.5812,0.754,0.7164,0.7447,0.7618,0.675,1,mock
cc3d59771045f3c43fc86e6a63a21388cceea2495767,0.9976,0.8412,0.7518,0.7829,0.9318,0.8404,0.7235,0.7534,0.6607,0.7421,0.924,0.7631,0.7239,0.7931,0.7606,0.7514,0.7153,1,mock
6629c27f910cea45ccb2ff4e7c41dcf74c9ccc55cf86,0.8872,0.8489,0.6487,0.7154,0.7448,0.7614,0.8013,0.8674,0.666,0.7587,0.8549,0.6079,0.7293,0.77,0.7018,0.8525,0.8241,1,mock
e738aa45e70c96e6a5527bcbb8c9fc89eed04fc62d88,0.0,0.0,0.0743,0.0,0.1904,0.0314,0.2209,0.0892,0.0909,0.0797,0.0,0.192,0.1891,0.0249,0.0044,0.1593,0.105,0,mock
d56e7e7dabb7ba91cd7ca9298e913281625ee95b9844,0.0991,0.0637,0.0,0.0087,0.0078,0.0281,0.2241,0.0549,0.1643,0.0365,0.0629,0.0297,0.1853,0.0253,0.0,0.1819,0.0742,0,mock
df48e8a096eb4cd46513895fafd2b22d0d8af970c2fb,0.8877,0.8131,0.7279,0.5863,0.8149,0.6523,0.8235,0.8079,0.7225,0.75,0.8231,0.6003,0.8963,0.8472,0.9148,0.8673,0.6707,1,mock
208db2e75b0c74a4b3fc1e51244fc7427e46c5b7d0ca,0.1443,0.0301,0.0936,0.0487,0.2054,0.0432,0.2474,0.0,0.0,0.0,0.0125,0.0157,0.0327,0.1982,0.0414,0.1245,0.1622,0,mock
5670f03e607914696bf664d8223ea4f6c93ba6ed7f76,0.0086,0.0,0.1709,0.1395,0.1844,0.1924,0.2926,0.0302,0.0,0.043,0.0892,0.0,0.1021,0.1603,0.1148,0.1022,0.0797,0,mock
4da35d7242a9393df0707fa9ba881f2c3bdfac549779,0.0781,0.1491,0.0741,0.0979,0.1396,0.1493,0.2918,0.0888,0.0,0.0441,0.0143,0.0707,0.021,0.1643,0.1051,0.0106,0.0,0,mock
69d788ebcdf40320bc977d74706707d797fe609a3e89,0.1248,0.1657,0.1428,0.0078,0.2142,0.0982,0.113,0.1807,0.1203,0.1134,0.0723,0.0405,0.009,0.0139,0.0596,0.1471,0.0928,0,mock
e91ce798adbad5da3b908364ee604a86cdf317cd20cd,0.1274,0.0,0.0305,0.1437,0.1998,0.1115,0.2911,0.164,0.0275,0.0,0.1379,0.1576,0.2057,0.0931,0.0591,0.1819,0.1322,0,mock
e3d394ad65755e95f759e13b0e28fecd5b0971dffce0,0.155,0.1179,0.089,0.0088,0.0262,0.0,0.2228,0.0,0.1195,0.0,0.0676,0.113,0.0415,0.081,0.1339,0.0867,0.0184,0,mock
27eef9aa989cc7f33a738031bedff9aa58f7150ebf0c,0.9732,0.7533,0.8621,0.7343,0.8317,0.7204,0.7637,0.7905,0.742,0.8425,0.9278,0.6753,0.7046,0.7528,0.839,0.9324,0.7198,1,mock
a5c907c4f7067bf295c92d416c303b408ca8ae546b77,0.0717,0.101,0.0285,0.0391,0.04,0.126,0.2977,0.1712,0.1024,0.0,0.0,0.0679,0.0671,0.1057,0.0522,0.1699,0.0828,0,mock
dbe12d7094f073f745cbd1f00cb8e73b02558adb1c02,0.0414,0.0072,0.0697,0.0967,0.1518,0.0788,0.1444,0.0762,0.1511,0.0702,0.0,0.0127,0.0287,0.1872,0.055,0.0534,0.1733,0,mock
04013b2a041c27cd1d3e8ea2c63eee03b0d5f9ebb8eb,0.9277,0.7522,0.7615,0.5801,0.7989,0.7332,0.8192,0.8871,0.7416,0.7861,0.7813,0.6936,0.8963,0.821,0.7207,0.7504,0.7537,1,mock
b5b158a527684811ba684a5ec19b1c16fc6a7ecc42c6,0.0438,0.0,0.0199,0.0,0.1486,0.1913,0.1932,0.1864,0.0705,0.0,0.0667,0.1601,0.0,0.0,0.1113,0.1511,0.1951,0,mock
ae109d2a362d1d5ce4cb6aaeaf68027887105fbf2710,0.0787,0.0638,0.1781,0.0,0.0156,0.1168,0.0888,0.1849,0.0901,0.1311,0.0016,0.1809,0.0,0.0801,0.0028,0.1413,0.1067,0,mock
0fdd7c6c231aa4f53281482451d055da239bf66b9bac,0.051,0.0999,0.068,0.0715,0.0855,0.1899,0.1234,0.0652,0.0211,0.0,0.0,0.0,0.2163,0.0097,0.0,0.0126,0.1429,0,mock
45d6bb305e90ecff5a2612ccace2fe5ab8884651f5c4,0.9748,0.6951,0.8163,0.6898,0.8004,0.6405,0.7279,0.7401,0.854,0.8037,0.9674,0.7103,0.7408,0.8108,0.7259,0.8157,0.8174,1,mock
89e22d0abbfff0fe2fde8d15a2bcd3d33e5e9d1060d7,0.8397,0.7257,0.7377,0.6813,0.7969,0.69,0.9016,0.8364,0.8367,0.8121,0.7421,0.8198,0.8806,0.8626,0.9023,0.9337,0.6699,1,mock
f658f7cd27c6a950b3f28ecb40085d1b8d052c09928e,0.0021,0.0345,0.0565,0.1293,0.0,0.0089,0.179,0.1777,0.0851,0.0,0.0743,0.0574,0.0073,0.0261,0.0189,0.1785,0.0714,0,mock
606a926e7e88cad404dcbffc6c1ea15a188dbc386ce4,0.1194,0.0783,0.0,0.0871,0.0,0.0533,0.1451,0.1845,0.0884,0.1374,0.0,0.1682,0.1359,0.0355,0.0514,0.2144,0.0,0,mock
232f40ca1b3d1dbcdbaf469014e74d5e763123b5449c,0.9098,0.8006,0.7245,0.7447,0.772,0.8644,0.8476,0.8404,0.7954,0.6828,0.7806,0.7194,0.7581,0.7771,0.7423,0.8617,0.6869,1,mock
71e7ca77412cfe481de9e52a653256b274c96ad129e1,0.8845,0.8554,0.6944,0.7844,0.9294,0.6508,0.8916,0.7885,0.7415,0.8265,0.821,0.5869,0.8842,0.6736,0.7309,0.9215,0.7117,1,mock
a4884d8d73d886d485f1631d287a5d75ca2caceda391,0.8146,0.8425,0.8494,0.7708,0.905,0.7196,0.9079,0.8628,0.7632,0.7096,0.7312,0.7232,0.8089,0.8573,0.7531,0.9096,0.8469,1,mock
3f29eb30cd80fe2a068b12340809129f42b091d7de15,0.1416,0.1408,0.0,0.0,0.2018,0.1508,0.126,0.0708,0.0198,0.0739,0.1645,0.0187,0.0,0.1278,0.0054,0.1085,0.1495,0,mock
fa7ae4124f852a37539d1e9c6d08af8c2747d6f5dcd3,0.9034,0.7871,0.673,0.8077,0.8883,0.8623,0.8566,0.846,0.7161,0.7325,0.847,0.5951,0.7687,0.6403,0.7296,0.9479,0.7167,1,mock
2f847329ca55742a6118d7abe30ece3c05a419bfc836,0.9776,0.8012,0.7825,0.6097,0.7373,0.7194,0.8226,0.7726,0.8389,0.8209,0.8139,0.6192,0.8947,0.8098,0.8453,0.7984,0.7228,1,mock
bc19d6b8fc3458258709fa1386e20ca9cfa0b5a5c652,0.7978,0.7208,0.7201,0.7557,0.8613,0.8455,0.7023,0.8726,0.7773,0.7959,0.7374,0.8062,0.7196,0.8435,0.7177,0.7543,0.6793,1,mock
c7ac94832f4ff335788d75e998fcf722ea864b02572f,0.1659,0.012,0.0904,0.0739,0.0,0.126,0.2351,0.0,0.0444,0.1463,0.0914,0.0592,0.1949,0.1488,0.143,0.1092,0.149,0,mock
e922f177c7d3abc70975d73e449f05513b0818f110dd,0.1056,0.158,0.0119,0.001,0.1354,0.0,0.1951,0.0532,0.0988,0.1359,0.1093,0.0,0.0892,0.1652,0.1698,0.0773,0.1496,0,mock
555dea7fef80d90000ee635f173c794f7d437aa26091,0.0407,0.0314,0.1272,0.0,0.1041,0.0,0.2792,0.0884,0.1034,0.0,0.1169,0.1851,0.1471,0.0125,0.0593,0.0882,0.0029,0,mock
dbefd3b1e90235b4237cc49b0deb60ec7f0944f50959,0.1206,0.1565,0.1662,0.0787,0.1634,0.1101,0.2189,0.0005,0.0,0.0,0.0052,0.1634,0.0,0.0106,0.1806,0.0861,0.0324,0,mock
a7f81a4dc6a77dd6b5ff57caf00897b32a563d6e2766,0.8674,0.6968,0.7894,0.6592,0.8053,0.8335,0.8527,0.8021,0.7042,0.778,0.8266,0.651,0.7105,0.7309,0.9057,0.8926,0.8467,1,mock
916ea395af1e5fbcf732a0d5543d63fa6aa796eb344e,0.0883,0.039,0.2092,0.0726,0.0,0.1927,0.2375,0.2082,0.008,0.1056,0.1062,0.1898,0.1166,0.0307,0.0,0.1345,0.0376,0,mock
87dbdd4c504aeaf2b692429d3af56c43080b2e1ca9ad,0.0746,0.0,0.1666,0.0218,0.0531,0.0,0.2096,0.0159,0.0506,0.0,0.0,0.1356,0.0743,0.0869,0.1028,0.1011,0.0133,0,mock
1308ee8a22fb7159ffb054e0a7a59298783131610cb5,0.9389,0.8061,0.7053,0.6216,0.9489,0.7122,0.765,0.9153,0.803,0.8344,0.8964,0.7264,0.7261,0.6892,0.8139,0.784,0.8635,1,mock
e081b951b90451cc8128ff0934a55d7191870fb77f1e,0.0754,0.0,0.0798,0.1685,0.0529,0.0103,0.0913,0.0,0.1414,0.0157,0.0,0.1587,0.1947,0.0,0.0,0.0833,0.1082,0,mock
608e4e6a6afad266c7983cf319ca6ff8df4a46c2a29a,0.7931,0.8955,0.8591,0.6988,0.7571,0.7499,0.8225,0.8568,0.8646,0.9169,0.9541,0.6117,0.8866,0.7664,0.7677,0.8939,0.8131,1,mock
754cf083363a709a07f9751eb107b976134a1ef8bec8,0.0998,0.0647,0.0097,0.0642,0.0262,0.1085,0.2184,0.0,0.0669,0.0,0.0442,0.1752,0.0089,0.2047,0.0031,0.0,0.1488,0,mock
2c953bb02f18444631129eb7cc3069ab2e0251d26d7d,0.0057,0.138,0.1076,0.0,0.1002,0.0699,0.3023,0.0,0.0,0.0571,0.0101,0.0544,0.0177,0.0632,0.0445,0.1301,0.0167,0,mock
d173179dca31365142f2f5c44fa56af76ba039b4add1,0.9895,0.8178,0.7427,0.6857,0.7742,0.6423,0.9059,0.8447,0.8273,0.7762,0.7478,0.7311,0.6929,0.6658,0.8151,0.8029,0.8685,1,mock
92c6f3d23c62378aa14727b4cbbc35dbd8639bd49a05,0.9894,0.6886,0.6464,0.7315,0.951,0.8694,0.8592,0.8342,0.6536,0.8321,0.9394,0.6865,0.8466,0.8468,0.691,0.9211,0.7004,1,mock
6a597a0e6a38c3f89f2d4c020de2fc819183a2e53f88,1.0,0.7933,0.816,0.6678,0.7836,0.8153,0.856,0.7998,0.7415,0.8025,0.8252,0.7005,0.839,0.8335,0.8736,0.8774,0.6698,1,mock
6e3e7bbb68ef7638269dde84c0359ddefcdb0301046e,0.1381,0.1461,0.0777,0.0172,0.1378,0.0,0.3064,0.1538,0.0,0.0,0.1063,0.1839,0.1053,0.179,0.1879,0.2036,0.0204,0,mock
34a29d71aceddf7782ed0ce1f3b0c368be232f4a47e5,0.0,0.0616,0.0382,0.158,0.0137,0.1569,0.282,0.0209,0.0,0.0,0.0006,0.0883,0.0738,0.0,0.1433,0.1426,0.0,0,mock
e66633e491581c64b3255bedbfc939a8e0c446e7fd4c,0.8437,0.706,0.7343,0.7549,0.8053,0.7755,0.8027,0.8224,0.7684,0.7411,0.9001,0.5804,0.9021,0.7592,0.8527,0.9081,0.791,1,mock
668e47155ca9d118e0733fd1d1ca8efebe70e6b43ee5,0.0085,0.0649,0.0255,0.0,0.11,0.1853,0.109,0.0313,0.0156,0.0,0.0265,0.0359,0.0734,0.0901,0.0,0.1756,0.116,0,mock
06ad020daaf12160eda6aa65612bbe254b40f8894a16,0.1011,0.091,0.108,0.1637,0.1614,0.0718,0.1116,0.1751,0.1507,0.0424,0.0393,0.1243,0.1505,0.0917,0.0156,0.0337,0.1667,0,mock
d00152900ff9f9212485ff02df81f233023563e5500f,0.9427,0.853,0.7882,0.7812,0.8808,0.8468,0.8351,0.8041,0.7358,0.8191,0.9058,0.6016,0.7508,0.8094,0.7222,0.7617,0.7595,1,mock
a0d5101d50ddbe744cedd8e05aa020c83010e4fce406,0.8892,0.7555,0.7076,0.8128,0.827,0.7535,0.9171,0.8878,0.7602,0.7792,0.775,0.6668,0.8615,0.7801,0.8624,0.7789,0.7618,1,mock
df44f6542cd9238d6bef285ab23c44d909d9f63fbd06,0.8257,0.8424,0.7804,0.6397,0.8964,0.7126,0.7109,0.8221,0.7713,0.7201,0.9277,0.6516,0.7498,0.8047,0.8231,0.8111,0.8431,1,mock
47a45f679034da32a5ac23ed85328739b3a01414450c,0.8015,0.8178,0.7584,0.7535,0.9548,0.8492,0.722,0.9417,0.6722,0.9007,0.9693,0.6753,0.7989,0.8548,0.9109,0.9522,0.8404,1,mock
7cbb0ea32387e140c5121dbebbca53fbe8577939f8db,0.8635,0.8829,0.7782,0.7753,0.8994,0.7014,0.8275,0.7503,0.6621,0.7083,0.8033,0.6239,0.8464,0.7526,0.7804,0.7631,0.7221,1,mock
8dd605343a7622d7d95da2d45ba7823b8d5fa4e70591,0.1082,0.1482,0.0,0.0,0.1067,0.1809,0.2481,0.0871,0.0,0.0607,0.1192,0.1165,0.1474,0.193,0.1476,0.0771,0.0074,0,mock
a4093c94ead6bf7d43e00bcc062d228d55d823d69b57,0.9354,0.8262,0.7016,0.6059,0.7453,0.8672,0.8337,0.9368,0.6927,0.8507,0.9442,0.6517,0.716,0.8137,0.8959,0.9233,0.8226,1,mock
e7135dcb2fe96b9ee6e11cde6ae561d22607adccaec9,0.063,0.0483,0.1898,0.1609,0.0818,0.0821,0.2554,0.0951,0.0536,0.1695,0.1431,0.1275,0.0773,0.1279,0.1786,0.159,0.1314,0,mock
626d4b2865fcae3ab99ab5f38c69618ade4a97f9ac54,0.898,0.8471,0.6536,0.7885,0.7623,0.8638,0.7863,0.9282,0.6947,0.78,0.8849,0.6251,0.7307,0.8278,0.8578,0.9123,0.8381,1,mock
2b208348b1b31f073a8ab8847a9351fc435d10afec37,0.9262,0.689,0.6961,0.6145,0.8761,0.7965,0.6893,0.9435,0.7096,0.737,0.909,0.801,0.8953,0.6349,0.8762,0.8027,0.6973,1,mock
4fc3ca7444cf92ce6abad08e7467276022627b1f4131,0.0083,0.0,0.1685,0.1513,0.0169,0.1886,0.1593,0.1312,0.0747,0.0759,0.1381,0.1952,0.029,0.0738,0.0883,0.0252,0.0,0,mock
7a9c6d546f2fc5f6f92e21c4f09e899ad75ada7bc7b5,0.9764,0.8273,0.7842,0.5863,0.953,0.8291,0.7442,0.7733,0.7986,0.7542,0.8116,0.5815,0.8888,0.7659,0.7762,0.764,0.782,1,mock
e230b78a56cb1b9a456906caef416c814be4a4762842,0.169,0.1642,0.0148,0.1539,0.2001,0.0362,0.2138,0.2077,0.0,0.0062,0.1411,0.1345,0.1637,0.1912,0.0594,0.0787,0.0663,0,mock
ce913d126eebacda5f1a81d25e772650e96be1b219fe,0.0657,0.1446,0.1307,0.058,0.1229,0.0441,0.1483,0.1683,0.1016,0.0914,0.1014,0.0847,0.0394,0.0587,0.0998,0.1775,0.0467,0,mock
c7048512a4345c49ca67846ad06f2824547b1eefbce6,0.8897,0.8534,0.7284,0.7371,0.767,0.7427,0.9126,0.8113,0.7962,0.836,0.9344,0.7846,0.8862,0.7212,0.756,0.9025,0.8123,1,mock
ed01fcb9172a8a7d9fbf4410ee5adf03795e619ae202,0.9997,0.7331,0.6452,0.7777,0.9483,0.7025,0.778,0.7635,0.8571,0.753,0.8482,0.6033,0.8929,0.6626,0.7889,0.8909,0.8084,1,mock
cdbe10bf436a38a1411ab6885c1a5da6eccc61e8d7fa,0.0768,0.0,0.2128,0.1352,0.0008,0.1657,0.1974,0.219,0.072,0.1309,0.0,0.1352,0.1567,0.0392,0.0386,0.1191,0.174,0,mock
3c4febe3d8d1ee0f473ac016f83606b71bcf0e33b929,0.9474,0.8994,0.6368,0.7481,0.9574,0.7653,0.8151,0.7752,0.8671,0.8916,0.8481,0.6542,0.7977,0.6517,0.7358,0.7825,0.7563,1,mock
f4f5b79fa1d54e5e7fa869c4bda4c6c1b3325f040ef1,0.0848,0.0,0.0843,0.0102,0.1732,0.142,0.0904,0.1577,0.152,0.0,0.1185,0.0764,0.0079,0.1948,0.1331,0.1222,0.0382,0,mock
0209fe42517f8cc9f5b44b887aaff8d610b4ad52b1a7,0.0032,0.1539,0.1343,0.1282,0.0,0.0711,0.2283,0.0972,0.0154,0.0777,0.0089,0.0449,0.0,0.1936,0.0047,0.0651,0.0,0,mock
1b2b220f996fd7527a96d8f94890478bc089d4abc818,0.7929,0.7849,0.8313,0.6617,0.9146,0.8592,0.7752,0.9157,0.6371,0.7456,0.9682,0.6977,0.7654,0.8559,0.7836,0.8931,0.7886,1,mock
a270b4220af0bddd5d98c717af8f2ac8f78e9f7eb626,0.9006,0.7205,0.856,0.617,0.8881,0.803,0.8252,0.9322,0.7653,0.8781,0.7368,0.5909,0.8339,0.7684,0.8363,0.9141,0.73,1,mock
20e8c034ed8fd91f0041fab2782ceb22e3aa0ea0b2e4,0.7957,0.8409,0.8157,0.7876,0.8318,0.6549,0.8091,0.8987,0.8643,0.866,0.8852,0.8055,0.8593,0.6669,0.7902,0.8096,0.651,1,mock
7b53b9801ee6a5333564c861f4c53e1f6f59768ab7e4,0.87,0.7149,0.7575,0.7158,0.9202,0.6708,0.699,0.939,0.7787,0.7378,0.9491,0.6143,0.7907,0.691,0.7413,0.7323,0.8231,1,mock
2909c3c890ee982d2f7f7b2fe5266936b5400df6b312,0.1316,0.0,0.2194,0.0908,0.0122,0.0,0.0838,0.1531,0.0468,0.0348,0.1677,0.0,0.1341,0.0798,0.0694,0.1693,0.1051,0,mock
409233511c0dcaac7cb896a32c9c1151f91898fa9736,0.0572,0.0,0.0669,0.1127,0.1095,0.0126,0.2649,0.1382,0.0,0.0,0.1212,0.1245,0.2125,0.0939,0.0023,0.1408,0.0,0,mock
1e4d0e256a943b2a3473ebd48a0a7e509a5c2e1834d7,0.8356,0.7207,0.6387,0.6374,0.7301,0.6678,0.9192,0.9171,0.7148,0.7748,0.8707,0.7043,0.8569,0.6465,0.7016,0.7983,0.8291,1,mock
525bdee2f8369d623a10945b29720c95e86ad2c46908,0.8577,0.849,0.6994,0.6442,0.9359,0.8665,0.843,0.7529,0.8611,0.8686,0.9505,0.8182,0.8881,0.6605,0.8879,0.7899,0.8007,1,mock
cb2e8d28edbae78832258d60dccf8cd3725bef3a6459,0.7822,0.8163,0.6558,0.8159,0.7983,0.8674,0.8104,0.8485,0.8553,0.8843,0.8423,0.6263,0.707,0.669,0.7901,0.7917,0.6747,1,mock
1cd591cdf8b6e7a076b89ab6888b240aeec767b4b3f6,0.8453,0.6979,0.6787,0.7672,0.8703,0.6673,0.7194,0.8419,0.7276,0.8086,0.9615,0.6298,0.754,0.6936,0.7088,0.7678,0.7947,1,mock
d86301df542ed6c76c40347893b795363386e69d8c05,0.1164,0.0127,0.0143,0.1097,0.2032,0.0555,0.1539,0.2169,0.1259,0.0,0.0,0.1271,0.106,0.1371,0.1359,0.021,0.0499,0,mock
ad1f37aaf520e093541933aa37c86b1e8226a0d017c3,0.9335,0.686,0.696,0.6336,0.9068,0.7924,0.8941,0.7509,0.7313,0.6872,0.7825,0.7013,0.6864,0.6777,0.836,0.8608,0.6829,1,mock
557a3e171a58b6bcbee5242a6508b5d24181c1f587b7,0.0965,0.0097,0.1325,0.1422,0.0563,0.1644,0.1957,0.0604,0.076,0.0704,0.0218,0.1137,0.0358,0.121,0.1972,0.0358,0.1079,0,mock
f50209523e20f459edf99fec3235324594c403340056,0.1472,0.1062,0.0505,0.0,0.0144,0.0848,0.2173,0.1856,0.0511,0.0,0.1212,0.0323,0.1415,0.1117,0.1699,0.0203,0.0671,0,mock
c34d2a60520b4d06a0acfec17c2d7aa5c38d4dec019d,0.9319,0.7604,0.8264,0.7603,0.8915,0.6839,0.7278,0.7359,0.6888,0.794,0.9339,0.5975,0.7795,0.7811,0.7267,0.8971,0.7487,1,mock
3e17734d516c51f904d959a1debd51caab3d1b470655,0.8694,0.9139,0.6504,0.6029,0.762,0.8268,0.698,0.8663,0.7344,0.9114,0.7868,0.6426,0.7556,0.8222,0.8482,0.9065,0.7063,1,mock
752937b2e1f656b13a662e49bcc336b156e52560857f,0.1219,0.0,0.0795,0.0,0.1903,0.1867,0.2922,0.0339,0.1575,0.1515,0.0853,0.1104,0.1976,0.2138,0.0076,0.1483,0.0005,0,mock
eeda79056d3c184d6d750c64b0bcbbb71f047b1850dd,0.8046,0.8883,0.8075,0.7876,0.9082,0.7647,0.737,0.9182,0.8217,0.749,0.8895,0.8024,0.773,0.8596,0.9142,0.805,0.7625,1,mock
d41e3a24e9838cf464eb981b985f50d304fd7a07f754,0.7862,0.721,0.7,0.5997,0.9325,0.704,0.7754,0.8474,0.7886,0.7019,0.8606,0.6244,0.8925,0.7187,0.787,0.7932,0.7416,1,mock
5c5657fb707e08102c47159a3920d245ad5f9ba6a30a,0.1621,0.0736,0.1596,0.0,0.0409,0.1087,0.1526,0.0747,0.019,0.1623,0.0643,0.0993,0.0425,0.1009,0.1833,0.1907,0.0,0,mock
e6cb9991472beedb0254678ed1da26dc54f6848aa2ed,0.1355,0.124,0.0337,0.0,0.001,0.0,0.2577,0.2049,0.1087,0.0,0.0183,0.1648,0.209,0.1185,0.0,0.0,0.0885,0,mock
3df165c6b2523197df1f9676543269f80d1a504f0807,0.1669,0.1127,0.2037,0.0436,0.0609,0.0631,0.169,0.1936,0.1699,0.126,0.1558,0.1196,0.0708,0.0,0.0454,0.0593,0.0,0,mock
c7685abe520fa3dae20c5d512dc584ffb198774257b3,0.0,0.0,0.0413,0.0,0.0536,0.0577,0.1206,0.1275,0.0081,0.0,0.0,0.0536,0.0568,0.0791,0.0378,0.0701,0.1587,0,mock
1c6716870ec574cd0be68b17ce3bb746894ea7a7cbf3,1.0,0.8649,0.634,0.5962,0.7929,0.6396,0.6945,0.9194,0.7516,0.8309,0.8503,0.6797,0.8484,0.6498,0.8088,0.8779,0.6966,1,mock
138d100ee434355c15e55c3563a757e42165f8972d39,0.0,0.0,0.2094,0.1302,0.0934,0.1169,0.2942,0.0801,0.0481,0.0951,0.0,0.0,0.0465,0.2186,0.0,0.1589,0.0995,0,mock
3622fd1232d634b97b4412faf750f9134d83c2413d05,0.0353,0.1522,0.0,0.0,0.1834,0.107,0.2666,0.0,0.0469,0.0,0.0,0.0,0.1364,0.1929,0.0599,0.1738,0.1454,0,mock
8efd3a414709e072e7ea4aa7a9593fdfad7c78004280,0.0491,0.14,0.105,0.0805,0.0504,0.1927,0.2099,0.0117,0.0132,0.0365,0.0847,0.03,0.0,0.1892,0.0158,0.2074,0.1147,0,mock
7e281020115cf610f52600092b684b014ba55880917a,0.0156,0.1002,0.0964,0.0483,0.183,0.1681,0.1097,0.0025,0.1384,0.0,0.0,0.0821,0.0455,0.1938,0.1006,0.1201,0.1932,0,mock
36cb58e28d58ba1d36705b6f673421ecbd7569522716,0.8278,0.6849,0.6666,0.6103,0.8907,0.7654,0.7323,0.8979,0.8141,0.7203,0.8757,0.7595,0.7075,0.8266,0.9115,0.7559,0.6362,1,mock
867f2d3f1220bbbc19ffc082352e2a56ed72b9367432,0.1271,0.0251,0.1888,0.0666,0.0986,0.0924,0.2384,0.1158,0.0938,0.0656,0.0,0.0,0.0,0.0423,0.0968,0.0347,0.0855,0,mock
24b6b452433d312d6162860bbc4685c3be923f3a2b30,0.0,0.1255,0.0334,0.1356,0.0142,0.0144,0.1101,0.0113,0.0,0.0958,0.1182,0.0,0.1659,0.1618,0.0,0.0059,0.1503,0,mock
f41425c4a60384b2be2b2dceb3c48238e8c3325b10ce,0.7802,0.9003,0.6784,0.6113,0.9021,0.8505,0.8826,0.8077,0.6353,0.8208,0.9501,0.7658,0.8832,0.8366,0.9105,0.8197,0.8561,1,mock
231342e2e3385649e419ecd720f1c0aa784349c07e96,0.8888,0.8032,0.7396,0.5939,0.841,0.8237,0.8536,0.825,0.8259,0.859,0.8688,0.5909,0.7627,0.6453,0.9186,0.9543,0.6466,1,mock
ac25e510bec25cc9c3c0b30977dc7fac1dea4ffea225,0.9911,0.8988,0.7802,0.6825,0.8489,0.8633,0.906,0.8911,0.8186,0.7565,0.8299,0.6158,0.7704,0.8111,0.7936,0.9338,0.7022,1,mock
0a34bff061079b58faabd26d7c288d0145fc447047fe,0.0516,0.0239,0.0987,0.163,0.1281,0.0447,0.3147,0.0569,0.0,0.0,0.1309,0.0437,0.1581,0.0,0.1739,0.0619,0.0,0,mock
3fa737efd2c0250d228cdba23dd69dbe7fb48257ec6d,0.8544,0.8027,0.6788,0.7739,0.8587,0.7238,0.8322,0.9303,0.7935,0.6959,0.8977,0.7552,0.8832,0.6439,0.7007,0.8343,0.7388,1,mock
3d902d0cefe3e70111214a14d618dfb688def3545ae7,0.0563,0.0,0.1301,0.0,0.1598,0.0596,0.1053,0.1333,0.0159,0.0401,0.0897,0.1719,0.02,0.0233,0.0564,0.061,0.0,0,mock
e2ca988e62e69612112efec952a11558f59f0721aba1,0.9622,0.7332,0.7119,0.7792,0.9615,0.7001,0.8053,0.8985,0.641,0.7194,0.7637,0.752,0.8532,0.6557,0.8266,0.775,0.8533,1,mock
25972668e254d2ce6071ef37334c5253222b2b498292,0.793,0.885,0.663,0.6281,0.8282,0.7667,0.8976,0.8398,0.7059,0.8518,0.9169,0.697,0.8314,0.6724,0.8323,0.7311,0.6956,1,mock
87379f7b25c902d388b06cbc36af8ab9333bc629aabf,0.1657,0.0,0.0,0.1122,0.1384,0.114,0.2966,0.0,0.0816,0.1012,0.0885,0.0847,0.051,0.0765,0.1234,0.1129,0.033,0,mock
f0f195ac24c2d0cdd5b8ba8ce0bf3a17b4eafb4973d9,0.952,0.8021,0.6956,0.7803,0.9653,0.6885,0.8123,0.8221,0.8512,0.802,0.941,0.7874,0.7463,0.8196,0.7796,0.9542,0.7519,1,mock
c2135839552f3fd5543e28f98b8e8e506f984198d996,0.9434,0.6876,0.8576,0.6064,0.7345,0.7053,0.7163,0.8957,0.7285,0.866,0.9509,0.7895,0.8566,0.6449,0.7131,0.7798,0.708,1,mock
1363c61cf1816fb494355e0bcc15a8a9ebceb692d53c,0.0,0.0,0.0219,0.072,0.0163,0.0672,0.2739,0.0427,0.0982,0.0464,0.1218,0.1669,0.0623,0.0003,0.0,0.2041,0.0,0,mock
9ebdeb9e561aa9e320462c6f361e3143479e0bf0148d,0.9042,0.709,0.6839,0.6611,0.8712,0.6852,0.7329,0.747,0.7815,0.7349,0.9473,0.7863,0.697,0.6871,0.8406,0.7814,0.6618,1,mock
69a38d3e1d58b67dc443d70e60e4c74935869b3b2315,0.8324,0.8606,0.7573,0.8192,0.9277,0.8655,0.6821,0.8905,0.737,0.8971,0.8773,0.7291,0.9101,0.7938,0.757,0.9498,0.8568,1,mock
de3ee28884a1ec5ae22bd87fce0a86cb5a2574cbd843,0.8572,0.7942,0.6662,0.5948,0.7548,0.8458,0.7624,0.9014,0.7511,0.7214,0.7895,0.6851,0.7855,0.7555,0.7181,0.8195,0.6979,1,mock
885b37f0982f364521497d1e332992dd6e1d50db5a6d,0.937,0.7929,0.7588,0.7833,0.8334,0.8418,0.8546,0.9133,0.7178,0.7761,0.8669,0.6267,0.8128,0.6476,0.801,0.9135,0.6971,1,mock
61c33059db3de3d6926bbface83971b67d533e364961,0.9491,0.7294,0.8106,0.7741,0.745,0.6544,0.8893,0.7749,0.7082,0.7898,0.793,0.787,0.8067,0.7834,0.8233,0.8767,0.7709,1,mock
76a81d45d3dc85ccac288c721b2eb2c64038a58903b8,0.9915,0.6859,0.8068,0.6597,0.9534,0.8225,0.8874,0.9246,0.694,0.869,0.7559,0.7893,0.8861,0.6834,0.876,0.8405,0.7032,1,mock
7f57bcc98048ee482e62beeb5efb328a1a314a6ae6f6,0.863,0.8423,0.7224,0.7814,0.864,0.8671,0.6931,0.8844,0.6677,0.8837,0.9344,0.7887,0.698,0.748,0.7378,0.9628,0.6421,1,mock
33851b65c71416ae59cd4d933f1b1ac8f3b7b6f9c7e5,0.0,0.0,0.1605,0.0706,0.0983,0.1406,0.1724,0.0076,0.0,0.0416,0.0277,0.0762,0.0778,0.0361,0.1727,0.0446,0.1912,0,mock
90687ddf3a7e4c2022e12f36248d6f0377517203723b,0.8577,0.7218,0.6426,0.758,0.8563,0.809,0.7943,0.9167,0.7532,0.7062,0.8509,0.8069,0.6904,0.818,0.8881,0.8551,0.7399,1,mock
c7acca2532c8f097413847dab7e90c9787cb32c46c01,0.9873,0.6935,0.7509,0.6494,0.9258,0.8056,0.7565,0.8735,0.7914,0.757,0.8024,0.6144,0.8385,0.6831,0.7521,0.7446,0.8576,1,mock
de6f5206732c3e64ed62f8656c1e8d57f3a8bfcc08f2,1.0,0.8476,0.7241,0.7228,0.9551,0.7043,0.7704,0.92,0.8252,0.8408,0.929,0.7573,0.8445,0.7563,0.835,0.8316,0.7168,1,mock
298721260c2fa04f4bc0411524ad8fd8f70ad4ee8619,0.0261,0.0817,0.2101,0.0,0.1083,0.1906,0.0993,0.0903,0.114,0.0855,0.0,0.0,0.0722,0.0258,0.127,0.1952,0.1113,0,mock
8a86175f5051b52c3a79a0e5c410bfc7f6e0e21b8d61,0.0,0.0844,0.199,0.1017,0.0048,0.0,0.2171,0.0401,0.037,0.1452,0.0,0.1137,0.2039,0.1395,0.0239,0.148,0.1771,0,mock
ad9d581370be52c839994028292f299d161d4710fd3d,0.0772,0.0113,0.0865,0.0,0.093,0.1221,0.1054,0.0,0.0324,0.0,0.0731,0.1023,0.1807,0.1478,0.1079,0.055,0.1562,0,mock
f35a1a45b8c4d6d3698e3e7144f204a82d2d154c3ac6,0.9562,0.8866,0.8641,0.6114,0.8189,0.7648,0.7566,0.842,0.6942,0.7395,0.7532,0.6497,0.7722,0.7777,0.7396,0.9377,0.6683,1,mock
e3b1fc52b7b530a0e1c617e95d0d42bc73d58d1a8d02,1.0,0.8525,0.7562,0.7646,0.9276,0.6477,0.9134,0.8842,0.738,0.8432,0.8127,0.7907,0.8673,0.7836,0.7237,0.9619,0.7338,1,mock
50acfa0d035f83a1b999f067b3ea59693b019efbd4f3,0.0992,0.0,0.0956,0.0957,0.0141,0.1355,0.3161,0.2161,0.1169,0.0416,0.0,0.1736,0.0012,0.0934,0.138,0.2105,0.0,0,mock
d643e586a961c938bc97793960755258d22ab096a028,0.1069,0.0235,0.0708,0.0,0.0813,0.0175,0.2635,0.1984,0.1238,0.0943,0.0,0.1383,0.1741,0.0791,0.1648,0.0238,0.0295,0,mock
520b1e8c71ff6f6a37753276496eafcb19117c3999a7,0.132,0.0555,0.0509,0.0,0.0,0.0,0.1058,0.082,0.0,0.0886,0.0664,0.0208,0.0412,0.0,0.0808,0.0073,0.1188,0,mock
8e4957860b2c061c4ea9306e0ede26b3fd7eb34aed9f,0.0048,0.1032,0.0388,0.0,0.0398,0.0285,0.1876,0.1325,0.0,0.1175,0.0,0.1934,0.0756,0.0203,0.0659,0.1013,0.1364,0,mock
d3e739f778665449ff8d61acc61ec674de0fb45041a0,0.9963,0.8426,0.6679,0.686,0.8129,0.771,0.8333,0.8318,0.69,0.8829,0.7778,0.6723,0.796,0.6869,0.8173,0.868,0.8682,1,mock
317eb2918761566e026dc14a6c0fd002d4dd1fae7b90,0.093,0.0,0.2197,0.048,0.0052,0.0651,0.2381,0.0004,0.0,0.0261,0.0717,0.0,0.2021,0.2147,0.0,0.214,0.0413,0,mock
c1531297f1f73ddee2d88b48d08cfc6557f0465dcfbe,0.9996,0.7635,0.8612,0.6464,0.8755,0.6767,0.9031,0.868,0.6927,0.7777,0.7556,0.5974,0.7506,0.8573,0.8727,0.9596,0.8403,1,mock
4154ba3d2f83ac53f7724fe84519fe5f396f5c567046,0.0,0.0,0.1349,0.0162,0.0,0.1622,0.2031,0.1345,0.1186,0.1524,0.0,0.0,0.0,0.0281,0.0072,0.059,0.0327,0,mock
9d8bae58420e268496e1014e5d852a325d27dc10a7db,0.0674,0.0,0.1589,0.1206,0.0235,0.0762,0.2347,0.0841,0.0671,0.0,0.0,0.1781,0.1709,0.0244,0.1551,0.0,0.0935,0,mock
af8b009e2539dca9e3222dd0efbb89402742a4432605,0.1257,0.094,0.0459,0.0994,0.2195,0.1996,0.2606,0.1576,0.149,0.0,0.0019,0.1574,0.168,0.0769,0.0574,0.1192,0.1173,0,mock
6a201a8e8b41e7368d353ac58e8c1d9c89de9c72f46e,0.1158,0.1044,0.2169,0.0,0.0,0.0495,0.2305,0.0651,0.0,0.0862,0.0,0.0315,0.1568,0.0888,0.1959,0.1733,0.1974,0,mock
a74f5dc05558c5b745dadaf75ae44c5af9d3e254eb0a,0.0135,0.0,0.1002,0.1049,0.038,0.0969,0.1038,0.1188,0.0,0.0,0.0,0.0276,0.1964,0.1089,0.1937,0.0037,0.0114,0,mock
378666e26a9b6d82b48aeca5f33294cf16068871b720,0.8978,0.8182,0.6882,0.6703,0.926,0.7243,0.7073,0.8653,0.7721,0.811,0.8936,0.712,0.9087,0.7408,0.85,0.8352,0.6999,1,mock
2094b3ed919fd3c3406a7d515e53f1a511e8b653165b,1.0,0.7806,0.8081,0.6171,0.8296,0.6538,0.7974,0.8279,0.8584,0.6879,0.8189,0.6864,0.9081,0.8353,0.7038,0.8946,0.7607,1,mock
1a9e29df55d559e44afc8097846c68fa75bcce1319b6,0.8988,0.8443,0.7298,0.7816,0.8473,0.6498,0.6874,0.9127,0.7001,0.746,0.859,0.6204,0.7898,0.8082,0.8638,0.8619,0.6572,1,mock
14d6e68171492f863050dcb0077c587e9e848c3b7601,0.9859,0.7029,0.7568,0.5902,0.7807,0.8383,0.893,0.8441,0.6412,0.6978,0.9521,0.7958,0.8152,0.6379,0.9029,0.8055,0.8608,1,mock
8a21b50f3f2e1903597cfcb9e9b6b64945a5f796246b,0.9334,0.7995,0.7805,0.6495,0.9596,0.7459,0.8731,0.8944,0.7014,0.6975,0.7444,0.6855,0.7962,0.679,0.8256,0.805,0.8024,1,mock
1ff84c095d957fe76f83a0a61fcbfca5266f4301fccc,0.055,0.0,0.1332,0.0,0.193,0.1673,0.1323,0.0071,0.0819,0.0079,0.0,0.0263,0.0087,0.1694,0.0,0.0,0.148,0,mock
9cc44395eec2fc223ff039bc6d1578d1c5f3a9422423,0.0644,0.0347,0.1353,0.0,0.0182,0.0,0.142,0.1728,0.0881,0.0,0.1346,0.1913,0.0966,0.0,0.1663,0.0001,0.1044,0,mock
48e06475ca9cd0b8670f38743332fcf330837b1956b4,0.057,0.0981,0.1877,0.0624,0.1258,0.1752,0.121,0.2072,0.0235,0.0128,0.1079,0.1923,0.1076,0.1227,0.1639,0.0944,0.0,0,mock
0751a311eb721ec7eef00c4d8bedb7178e68023d8425,0.049,0.1685,0.1649,0.0,0.0856,0.113,0.1306,0.1562,0.0128,0.0841,0.1113,0.0,0.0202,0.0757,0.0323,0.1591,0.1406,0,mock
52f3d210fe27d075c0ca7374467102006cb047901e19,1.0,0.7342,0.7942,0.7835,0.8869,0.836,0.8623,0.7524,0.721,0.8126,0.7435,0.5823,0.7211,0.75,0.7841,0.9183,0.7658,1,mock
99e7a05e01f87de5ad171a8d3647394d1e2addc5470d,0.0,0.0,0.1265,0.1177,0.2074,0.1577,0.0901,0.0053,0.0812,0.139,0.1486,0.0,0.0501,0.086,0.0814,0.1558,0.0,0,mock
4590359ffcdbba659a323fdbab9c68135ac8ffb57f40,0.0562,0.067,0.0799,0.0,0.1644,0.1225,0.293,0.0,0.0935,0.0934,0.0246,0.1017,0.2083,0.1809,0.0,0.0,0.1594,0,mock
9ffc1ec02f4bf659679b4a3a1c2d75bd21564d6b373e,0.8985,0.6993,0.6396,0.6837,0.8074,0.6901,0.7019,0.9609,0.8306,0.818,0.9582,0.8199,0.8413,0.6947,0.6897,0.9115,0.7429,1,mock
2bd718a9d5329558af762ed6b16d93029dfd593dd115,0.8931,0.8271,0.7178,0.6997,0.7805,0.7982,0.7694,0.935,0.6971,0.7232,0.7615,0.7182,0.7349,0.654,0.7448,0.7866,0.7337,1,mock
2d0e193d6d92a2b6370bd410c0e25d5a98a05cad9a93,0.8074,0.866,0.8276,0.668,0.9274,0.64,0.8526,0.8611,0.8675,0.7046,0.9292,0.7603,0.7515,0.8698,0.7879,0.8137,0.826,1,mock
0696d7271097b6a53ed56a3cc5d64b90007b48d6ac10,0.7806,0.8658,0.8059,0.7554,0.84,0.7894,0.766,0.7452,0.7583,0.7323,0.8331,0.6308,0.7444,0.8288,0.7611,0.8687,0.7659,1,mock
1b80fcd7b3a98e8450571fb8cd40c7556218504205b0,0.0671,0.1545,0.0698,0.0621,0.0122,0.0,0.1867,0.0644,0.0702,0.0417,0.0791,0.0623,0.0922,0.0781,0.1531,0.0561,0.0518,0,mock
877e168d32b546edfe64f335a10443c9ce6b1fd9956a,0.0216,0.0072,0.0862,0.0,0.1888,0.0,0.1262,0.1322,0.0,0.0,0.0,0.1022,0.1795,0.2036,0.0167,0.0,0.134,0,mock
eaf212fe8b75e0edcbbac3242300d490292f50044a13,0.8557,0.7443,0.6806,0.8063,0.9403,0.7055,0.8373,0.825,0.8495,0.7901,0.7936,0.6392,0.8147,0.6931,0.8203,0.9455,0.7259,1,mock
9f70c01f300b263070afda6ab8276a2c1f205aacabd7,0.0958,0.1193,0.0375,0.0627,0.0542,0.19,0.1671,0.1749,0.0,0.1381,0.1358,0.0532,0.1983,0.0743,0.1947,0.0413,0.0,0,mock
970d1b4fb15eaa2abecb8d41de224d1fe7c06c3bb891,0.1262,0.1212,0.0582,0.0859,0.1702,0.0879,0.1762,0.0792,0.079,0.0615,0.1637,0.0521,0.0618,0.1753,0.1018,0.1682,0.0645,0,mock
aa32d9c7e5cdb854c7cacead0281773b2bf10be1a103,0.0,0.0,0.1083,0.1041,0.0017,0.126,0.2893,0.2036,0.1139,0.0742,0.0846,0.0505,0.1522,0.1566,0.0516,0.1341,0.0949,0,mock
00f58eb36718b2fc57c4e5c0001d5d1202c503fe1a26,0.9589,0.7371,0.8658,0.6203,0.9425,0.6513,0.8502,0.8834,0.8428,0.7872,0.7937,0.6399,0.6963,0.6916,0.7059,0.7303,0.7226,1,mock
88d442ab65c3e0a08b286c1d36a254c03fc94657a948,0.0264,0.1318,0.087,0.0,0.0,0.1139,0.22,0.0333,0.1546,0.0,0.0,0.0892,0.0869,0.1412,0.0,0.1028,0.0067,0,mock
91b499befe48cbc3a14733dfb5ac5a7efc653cc988fd,0.9229,0.908,0.8439,0.727,0.9026,0.7511,0.8793,0.8615,0.8453,0.8585,0.8439,0.6422,0.7393,0.783,0.8638,0.8551,0.7804,1,mock
caaf758ecec3b116d22913c6fd0d9d9f3dd2b8521c76,0.9251,0.7291,0.8496,0.7125,0.9161,0.7214,0.8081,0.8162,0.6928,0.8031,0.8493,0.6037,0.9155,0.7427,0.8815,0.9494,0.719,1,mock
a5f81a1bb50a7309d5c345a709840e7cca90649dc4a2,0.0283,0.1495,0.0795,0.0634,0.1505,0.1413,0.1129,0.0246,0.0216,0.0629,0.0,0.1583,0.1803,0.0529,0.0942,0.0912,0.0,0,mock
e7a4be5c74a1ecb7611cc7cd6bd917135249367f67da,0.0338,0.1235,0.0544,0.0944,0.0115,0.1197,0.2797,0.103,0.0475,0.1425,0.0443,0.0951,0.0815,0.1616,0.1546,0.1273,0.0642,0,mock
7268628ff541d4b728b9352c456e8e1ba29078550f33,0.9436,0.8089,0.694,0.7338,0.7568,0.7343,0.7889,0.9589,0.8402,0.7432,0.8501,0.6229,0.899,0.8389,0.7516,0.8833,0.7762,1,mock
e6e659fd9918dac0418eb360b9b69c936837c3c4b65c,0.0858,0.0,0.0,0.1297,0.1412,0.1213,0.1647,0.1751,0.1286,0.0159,0.0,0.1443,0.1473,0.0,0.071,0.2047,0.0667,0,mock
2efba6b9d42b9e34cdd2641890226e0ee7cfae81aa27,0.9558,0.9126,0.8423,0.6983,0.8209,0.761,0.7043,0.8451,0.8374,0.8362,0.8949,0.619,0.6977,0.833,0.7508,0.8065,0.8584,1,mock
904376e029bb880aec0bf07819ca005b1977d8ef528e,0.0587,0.1249,0.0973,0.0545,0.1203,0.1313,0.2696,0.0098,0.1107,0.1618,0.1454,0.0034,0.1238,0.0232,0.0931,0.1721,0.0,0,mock
ea663bc58e3fd0e419fb7bfa9f3d2c09bddb980ec1de,0.8698,0.7166,0.8515,0.5961,0.9296,0.6524,0.7032,0.9073,0.8248,0.8135,0.8708,0.7148,0.7591,0.6593,0.7649,0.8897,0.8101,1,mock
ac0d547f47a91453cadaaacb7bb988e68540f46e6929,1.0,0.8171,0.7434,0.7683,0.9238,0.6757,0.7033,0.8335,0.7317,0.7921,0.905,0.7416,0.9162,0.6536,0.7766,0.8114,0.8368,1,mock
ffc51e3fb97db4227edf2fb3050881764026d11b49e5,0.0853,0.0103,0.0131,0.1337,0.0854,0.0598,0.2646,0.0389,0.1242,0.0119,0.0512,0.0,0.0694,0.1612,0.0466,0.1396,0.0,0,mock
144658964886b7b11ae93e364ce68c204c127c7cc127,0.0004,0.0207,0.0464,0.0121,0.1206,0.0747,0.2415,0.0042,0.0,0.1104,0.0,0.0998,0.217,0.0032,0.0854,0.0,0.1047,0,mock
f7573623f52bd9d24aa8f38d5c317c33b8455d7a7ba7,0.0159,0.0,0.0,0.092,0.0319,0.1272,0.2808,0.1748,0.0838,0.1019,0.1453,0.0537,0.054,0.0,0.0,0.1654,0.1441,0,mock
0d0994c803ca09812a3e90d29c8c827e2416cad8e9ab,0.7874,0.8591,0.6816,0.6808,0.8118,0.7188,0.8532,0.9164,0.7662,0.7004,0.7426,0.6178,0.8283,0.7918,0.7453,0.8889,0.7466,1,mock
47064bb19f71ac23978c0044d273966204e71392ac6c,0.9388,0.839,0.6948,0.7254,0.7629,0.8294,0.7052,0.9025,0.6583,0.7074,0.7555,0.6277,0.7279,0.6931,0.8056,0.7784,0.7988,1,mock
b9a7d32a3480d560012bb17eb509b8edae04dc98f7de,0.0,0.0415,0.179,0.0,0.2133,0.0,0.304,0.0957,0.0735,0.1315,0.0212,0.0443,0.1317,0.1204,0.0825,0.0,0.1374,0,mock
32a841f14275398aed30f38fbd64c8e1e2def93c451f,0.1404,0.1269,0.1779,0.0976,0.1015,0.0444,0.2245,0.1752,0.1071,0.0388,0.0,0.0,0.134,0.1312,0.1498,0.0127,0.0562,0,mock
e8b6939b09d2f1405136f1a7c215fa1bd224b43fc33f,0.0684,0.0,0.2109,0.1081,0.0922,0.1849,0.2079,0.1275,0.1146,0.0341,0.0659,0.1104,0.1053,0.0674,0.0,0.0161,0.1245,0,mock
e04f9fd4c51fa651cb6ff75eec0ce18e49f719c1327b,0.1335,0.0125,0.0926,0.0,0.2013,0.1873,0.1945,0.0,0.0333,0.0003,0.0,0.0,0.0697,0.0788,0.0945,0.0747,0.0,0,mock
59d0981d84cff0c4dd8e0f90396944edaef1da4febbc,0.8787,0.691,0.6928,0.6554,0.8991,0.7927,0.8642,0.8684,0.7656,0.9147,0.8908,0.6612,0.8055,0.7981,0.7029,0.8888,0.6897,1,mock
b60104e1cb14ea904d83f12c6774e311f70a5bac51ce,0.1337,0.1069,0.123,0.063,0.0498,0.077,0.1967,0.1218,0.0768,0.0929,0.126,0.0771,0.1514,0.1068,0.0613,0.0558,0.0,0,mock
68b1a9ed086f61f4ff5a4517199d0dc240d61b98c068,0.0,0.0,0.2085,0.0215,0.0757,0.0027,0.3116,0.1877,0.0,0.1346,0.0,0.1471,0.0484,0.1606,0.117,0.0089,0.0778,0,mock
694f8eb19e9317243ee8ce66c9a6a212b20f590745e4,0.04,0.0,0.012,0.0076,0.1463,0.1248,0.2512,0.15,0.1067,0.0,0.0,0.0,0.0599,0.0364,0.178,0.2192,0.1854,0,mock
0b9b4cd4964729a58db3ce584c31b0d8a54e38d9afb5,0.8909,0.8729,0.6636,0.5829,0.9293,0.8658,0.7114,0.9277,0.7193,0.8313,0.8847,0.7198,0.7421,0.8251,0.6852,0.7455,0.8466,1,mock
5e729df738ea6cde77dd54d32d776fa2e7b9d844de46,0.9883,0.8531,0.8624,0.7241,0.8144,0.7687,0.7311,0.8876,0.6838,0.706,0.9329,0.6682,0.863,0.7678,0.8737,0.9328,0.8639,1,mock
01b9dbbe1ddae3be2703ee812498a0c8635f222631ff,0.0403,0.0,0.1136,0.1365,0.0527,0.1295,0.198,0.0123,0.1018,0.047,0.0,0.122,0.1384,0.1445,0.0973,0.0942,0.165,0,mock
65615d8d4d689a4e4c4688f27a5a57bbafd1db1246d9,0.1229,0.0,0.1734,0.1629,0.0817,0.1751,0.1135,0.1209,0.0,0.0,0.0439,0.1682,0.2168,0.0,0.1904,0.1615,0.0,0,mock
1bc95d2eb83e7d9fe8afc9d2570c617965af608c786d,0.0024,0.0,0.0603,0.104,0.1576,0.0,0.3181,0.0481,0.0,0.0624,0.0551,0.1417,0.0184,0.0,0.1512,0.1222,0.0179,0,mock
a9c15c90e7323ac6e05c23763a00cbe54d2879e29ca9,0.0889,0.1557,0.1482,0.0,0.0201,0.0,0.0953,0.1909,0.0616,0.0,0.0253,0.1436,0.0,0.043,0.0,0.1372,0.1725,0,mock
7a4e3019d983d2226189d534eda1662c4363b9611835,0.0801,0.0,0.0377,0.0,0.2129,0.1783,0.159,0.1101,0.0,0.0,0.0599,0.152,0.187,0.0542,0.1292,0.1057,0.0,0,mock
e79b26b5b76361efb54be1be27cab11820fed8953fe4,0.0,0.1253,0.0944,0.0812,0.088,0.0403,0.1666,0.1145,0.1536,0.0,0.0,0.0,0.1882,0.2111,0.0077,0.1182,0.1158,0,mock
a991f39758e4576d086fa6f009d516e9b9ac8525c9f9,0.0544,0.0,0.1863,0.0286,0.0177,0.0,0.2087,0.0948,0.0,0.1592,0.1378,0.0,0.0294,0.0837,0.1303,0.0939,0.1049,0,mock
64ba11dfda09097e2ac7c3e5cb86a9dd1e3580d3c044,0.8297,0.7318,0.8387,0.6589,0.7654,0.8461,0.6807,0.936,0.6647,0.7112,0.7902,0.6219,0.8387,0.6362,0.6836,0.9196,0.6871,1,mock
1a514a6dd21db3d1fbd3101a6512c3c01533cb997273,0.9105,0.8698,0.7163,0.7949,0.8589,0.7832,0.7004,0.9145,0.7878,0.7652,0.8853,0.5906,0.9161,0.7926,0.7759,0.9106,0.8618,1,mock
3cfd3c9e76f70bd5ba599b6262bd42c89fc777b380c0,0.1554,0.0692,0.2102,0.0,0.1588,0.0141,0.1647,0.0442,0.0933,0.0,0.0,0.0429,0.0967,0.1064,0.0,0.1504,0.1228,0,mock
ab8b36d5a79ac85ec745553fb758518dd7dc461fea0e,0.9439,0.8984,0.7498,0.6279,0.9065,0.8395,0.7296,0.7787,0.6899,0.8285,0.7674,0.6056,0.9008,0.7922,0.8392,0.8773,0.8134,1,mock
32b48695ff57dee13f83e32a80e4e966ee456d0811c5,0.0,0.089,0.0378,0.0,0.1608,0.1183,0.1015,0.0844,0.1018,0.0,0.153,0.1766,0.1639,0.0329,0.0218,0.0943,0.1754,0,mock
a80cc84c8028f70a6972af89cea98b7f7fea156ff24d,0.0579,0.0001,0.129,0.122,0.2069,0.1541,0.3058,0.0,0.1441,0.0399,0.0,0.1755,0.0492,0.2096,0.0,0.0462,0.1273,0,mock
5caa397547323022bf219803bf75fda82f558417d696,0.1512,0.0224,0.1157,0.0,0.0847,0.0213,0.2991,0.1533,0.0523,0.0473,0.0952,0.1271,0.1362,0.2024,0.1366,0.0382,0.0,0,mock
bce404241c7ef362b7e60e3dd51b6105c3d46e2a8883,0.9392,0.9053,0.6622,0.6077,0.7557,0.7628,0.7454,0.8752,0.8022,0.7289,0.8822,0.6434,0.7972,0.8473,0.8831,0.7522,0.7317,1,mock
19b1f34c0f49af70a13547e1090c2ef19d3f48a7081e,0.9677,0.7662,0.7607,0.6963,0.949,0.7506,0.7732,0.7732,0.7065,0.7326,0.945,0.7668,0.6941,0.868,0.8071,0.914,0.8699,1,mock
80bc94532ad55b6da282208505913ac528f0aebc4bf2,0.0808,0.0053,0.0,0.0,0.1039,0.1927,0.2793,0.1632,0.1333,0.0946,0.1202,0.0367,0.0948,0.1564,0.0226,0.145,0.1584,0,mock
ac725e1fcb090ef44a2a22821a0e719eb2676df4e921,0.7831,0.7403,0.7789,0.7674,0.9388,0.8292,0.8988,0.8991,0.7854,0.8612,0.8612,0.7248,0.8663,0.8614,0.7506,0.7726,0.7938,1,mock
ff8a4611699eab2d93ad1627d16101eec42c487ca6c0,0.01,0.1287,0.0305,0.1058,0.1745,0.1281,0.0926,0.1877,0.0,0.047,0.024,0.1963,0.1382,0.1836,0.1979,0.1115,0.041,0,mock
ed5e9e7b5d29aacf2738b3b43bb789cf5d334776b6f6,0.8861,0.7456,0.8112,0.6073,0.8332,0.698,0.8428,0.8468,0.7901,0.6909,0.8249,0.7238,0.6818,0.7023,0.7307,0.7629,0.6913,1,mock
ba6f5fd2dd46306208739c1ffc4c7eb71235c21c19e1,0.9709,0.7346,0.6357,0.6264,0.8088,0.8374,0.9121,0.797,0.784,0.7759,0.9655,0.7087,0.9054,0.6577,0.9129,0.7729,0.861,1,mock
dca6310ccf381333eafe9a6b2c6dbc20361540ac79d3,0.8854,0.9185,0.8162,0.6369,0.9246,0.7711,0.7642,0.9006,0.7819,0.7198,0.7634,0.6296,0.7297,0.6442,0.7642,0.7975,0.7593,1,mock
2987f635485cad8c07a0bef552ed7746f2c62238f7ea,0.8586,0.8186,0.7051,0.7631,0.8496,0.7535,0.7997,0.804,0.6356,0.9069,0.8513,0.812,0.7316,0.7147,0.6921,0.8488,0.8418,1,mock
97a8674d13e71fda3e88a5854d65826a78b43846937b,1.0,0.8731,0.7178,0.7698,0.7333,0.7588,0.7891,0.8915,0.7914,0.8203,0.9274,0.8057,0.706,0.6861,0.686,0.9422,0.7647,1,mock
4d731d44e3e1ee3d32d3326adf5949142754007939a3,0.0533,0.1586,0.0815,0.021,0.0696,0.0,0.2994,0.0399,0.0594,0.1139,0.0,0.0318,0.0505,0.0311,0.1371,0.1165,0.0122,0,mock
b8683f3af96393df417e4a2ee29b295ed7312641f5fc,0.1143,0.0,0.0402,0.0493,0.1308,0.0,0.1039,0.0,0.0,0.0927,0.1633,0.0518,0.143,0.0167,0.1093,0.0031,0.0,0,mock
425117dfb054ee224a4b37a371a2a18c8757919c351e,0.0433,0.053,0.1627,0.0,0.0754,0.0145,0.2598,0.0939,0.0538,0.1186,0.1118,0.1334,0.0907,0.1701,0.0351,0.0251,0.1448,0,mock
540844184e1620e5670bae16af13cb41a5336968a022,0.0,0.1389,0.0457,0.0807,0.0501,0.1799,0.2475,0.1534,0.0,0.0484,0.1682,0.0927,0.2189,0.0,0.0,0.164,0.0382,0,mock
92696e88ca44d64a331ad693349fa4800322058d3496,0.9295,0.8054,0.7307,0.6795,0.7656,0.7711,0.862,0.9555,0.852,0.815,0.7542,0.6487,0.8086,0.7125,0.7786,0.8219,0.7465,1,mock
353314edf3dba5ca573c9a9e830cdf1aef772a155a74,0.8708,0.8125,0.8291,0.7284,0.9368,0.7686,0.8491,0.741,0.6847,0.7495,0.7492,0.6359,0.7042,0.6967,0.8326,0.8176,0.7188,1,mock
59280d964f764bec46c2ca29d79eb1a7abdacd058a1e,0.7974,0.9027,0.6555,0.7689,0.8023,0.6508,0.8637,0.835,0.7248,0.8386,0.8438,0.708,0.7127,0.7238,0.8714,0.861,0.8604,1,mock
cc2c424c87d3f3c9411453b0c0dd876b54b4a484086f,0.0262,0.0329,0.0424,0.0,0.0683,0.1873,0.1082,0.1525,0.0344,0.1508,0.0389,0.1217,0.0084,0.1513,0.0057,0.1869,0.1477,0,mock
ba769a1833e8e68d8db19d7b983bd95a78c8d8ca49a2,0.9916,0.7943,0.6489,0.7967,0.9014,0.7505,0.8961,0.9221,0.7926,0.8289,0.7589,0.7617,0.7215,0.8662,0.9133,0.924,0.6603,1,mock
ed6de8198b85b00bcf3944e6e16b78b82d38f6250906,0.8599,0.7204,0.7525,0.6074,0.8524,0.8474,0.7639,0.9046,0.8265,0.8756,0.7867,0.6151,0.7273,0.7746,0.8625,0.8873,0.6725,1,mock
988cb2cdb206287a62e4ae6591f50cc375f1a8ad6a55,0.9804,0.8117,0.8045,0.7067,0.7567,0.6991,0.7523,0.7415,0.7308,0.8705,0.8397,0.6066,0.8972,0.7732,0.6839,0.8537,0.6881,1,mock
9978b69e4fdb43cad926a91ff05ddcec71e5fe3dc338,0.099,0.0,0.0237,0.1576,0.0882,0.1554,0.1246,0.0,0.0,0.1122,0.0,0.1765,0.0781,0.1304,0.1099,0.1884,0.0,0,mock
b212c4b3401b6c2824b09608c87df19b8fdcb3ad9ce3,0.0932,0.042,0.0668,0.1122,0.1921,0.0139,0.1467,0.0808,0.0377,0.0,0.0,0.0,0.1172,0.0,0.137,0.2147,0.0617,0,mock
f4c3a832165cabc3dd8d425547eb0f0bb71ec1526cf6,0.0201,0.096,0.1709,0.088,0.1667,0.1676,0.2361,0.0461,0.0868,0.0182,0.0,0.0,0.0974,0.1405,0.0823,0.0,0.0975,0,mock
f047f639e3d8fa248b90f62ce0d64ec84ed9505d727c,0.8625,0.779,0.785,0.703,0.7686,0.683,0.8803,0.7766,0.6735,0.8719,0.9345,0.7843,0.9038,0.8686,0.7907,0.8619,0.6998,1,mock
b3ed6b3564a22da81d77afd532328212837862e9a65c,1.0,0.8074,0.8492,0.7793,0.7917,0.8279,0.7956,0.9236,0.8092,0.7613,0.7576,0.8111,0.7138,0.862,0.8864,0.9038,0.8652,1,mock
182706cc717a8ef6eaf817d46d0966b2462f9fdbc49c,0.8833,0.6825,0.6921,0.7026,0.8545,0.7693,0.8181,0.837,0.7239,0.8654,0.8713,0.7001,0.7628,0.6359,0.7051,0.8298,0.8608,1,mock
f6e39416fbbf69961daa0df2ee50a35f770f3dd0bac4,0.1266,0.0473,0.0094,0.0137,0.1889,0.0602,0.2175,0.1158,0.1461,0.1175,0.0441,0.1328,0.1254,0.1629,0.0811,0.0906,0.068,0,mock
bd504aa51a5f21f720c5b343f6e45061f2ec96da5074,0.0,0.0246,0.0117,0.0,0.1171,0.0,0.1758,0.0004,0.0504,0.1157,0.0,0.0,0.1142,0.0971,0.1165,0.0271,0.1078,0,mock
5aae37828c03ce261609132e9db33f3a8e99e54ac888,0.9986,0.6933,0.6598,0.6167,0.7695,0.7074,0.8502,0.813,0.8558,0.8948,0.933,0.6401,0.8324,0.7622,0.71,0.8027,0.758,1,mock
649e9891f4f8a2d9d5c3f4a0c457065acab19ae1e617,0.1529,0.0199,0.0372,0.0,0.0812,0.1974,0.1609,0.0261,0.0905,0.0,0.1417,0.1513,0.1793,0.0203,0.0001,0.0798,0.0,0,mock
e1b4d0d4bc0f1e1fbd5b6f156a946d2ee4941d930d25,0.8726,0.8097,0.6979,0.7987,0.9273,0.72,0.8727,0.8369,0.6405,0.8956,0.7762,0.7033,0.9076,0.6702,0.9095,0.8591,0.6318,1,mock
85a5900ae16ea8669db53bd1b5603dd6c934a7bff396,0.977,0.8037,0.6682,0.6547,0.8516,0.6626,0.8843,0.941,0.6369,0.7263,0.9299,0.7809,0.7399,0.7395,0.9003,0.8991,0.6958,1,mock
90e84b61ba0b2555ae719ec9ae7873dc92214633a823,1.0,0.7555,0.6636,0.6465,0.7502,0.7628,0.824,0.8758,0.817,0.8457,0.9335,0.738,0.7524,0.7543,0.8023,0.9095,0.7009,1,mock
9499d8f8f1a9e9d2781abcd53a6af3642b75e835dbfe,0.924,0.8385,0.7934,0.7531,0.8873,0.8694,0.7423,0.8305,0.7232,0.6885,0.8999,0.7173,0.7256,0.8044,0.7334,0.8583,0.8184,1,mock
64febd76f615cac54bdc5ddd7a6c31002a5663bbff17,0.8658,0.7851,0.7792,0.7908,0.7523,0.8256,0.7239,0.8262,0.861,0.7452,0.8226,0.7842,0.872,0.7857,0.8713,0.7571,0.7971,1,mock
c2199529038f9d6586233819ff813580083711bd43cf,0.8722,0.9163,0.7774,0.705,0.9008,0.7734,0.907,0.9269,0.7837,0.7854,0.7784,0.7377,0.8729,0.6986,0.6881,0.8739,0.7538,1,mock
2946a14215ba2b4e2ec14a91c57017598410653b3739,0.8635,0.7228,0.7589,0.7069,0.9047,0.6834,0.6808,0.7355,0.7016,0.8416,0.8607,0.7077,0.8776,0.6894,0.7631,0.7962,0.855,1,mock
87b9897e606b8905c94b4d23ce7ca7f8caacb7d647fb,0.9209,0.8605,0.8011,0.6756,0.7485,0.669,0.7377,0.9303,0.7234,0.8952,0.8096,0.7613,0.7136,0.8672,0.8538,0.8502,0.8638,1,mock
a431174bb9c89de63fa58d064eb211422b364bc6546a,0.072,0.0,0.1177,0.0,0.2152,0.0,0.193,0.1645,0.0,0.0575,0.045,0.1515,0.1771,0.0886,0.0177,0.114,0.0,0,mock
3dcf017ffe2a537ca17e19935033a9e30d4da540a4f0,0.0322,0.0,0.062,0.0412,0.0338,0.1247,0.1172,0.0989,0.0811,0.0559,0.0,0.065,0.1977,0.0946,0.0,0.0107,0.1767,0,mock
3e0b2c0bfcef4f16c5efa33152c3efec3f99edc54590,0.8926,0.8804,0.7183,0.8073,0.9663,0.7408,0.7476,0.8216,0.7566,0.9119,0.9261,0.7723,0.7132,0.69,0.8339,0.9398,0.7631,1,mock
d57244a359a67e5c0e1e7fc551b5e5f5abf466cdeb65,0.8303,0.7441,0.8548,0.7355,0.8762,0.6711,0.855,0.7692,0.7211,0.9175,0.8836,0.7137,0.8443,0.8323,0.8662,0.785,0.6377,1,mock
d96358507d1843174641a6575e93e35ae542ec3acfa2,0.8714,0.715,0.8602,0.6159,0.9234,0.6724,0.7999,0.9689,0.8339,0.8041,0.9029,0.7685,0.752,0.7649,0.8163,0.8256,0.7957,1,mock
5f53e1c714f55f1449d123a9a880a9c06d29a5957ccb,0.1252,0.0814,0.1423,0.0974,0.1349,0.0227,0.1893,0.1435,0.0,0.0745,0.1584,0.162,0.0,0.165,0.1147,0.2001,0.0554,0,mock
41530e14cd9096cf433c993ccd9a2273d6908945c0d4,0.8889,0.8253,0.6538,0.7484,0.9347,0.7862,0.8646,0.903,0.6816,0.7884,0.7848,0.6613,0.7888,0.7298,0.7028,0.8324,0.7896,1,mock
2c8f456b20d329a3fa012d247b7fe9210e7eacfbc2f7,1.0,0.8813,0.7459,0.702,0.9511,0.6725,0.8189,0.9053,0.6608,0.773,0.8741,0.7918,0.801,0.7223,0.9151,0.9498,0.813,1,mock
971c034d5cc06c7a172940cfda89f715dd9d3f8ad086,0.8704,0.7189,0.8295,0.7651,0.9242,0.6697,0.785,0.8286,0.7923,0.737,0.8366,0.6484,0.8596,0.7377,0.8082,0.8043,0.8241,1,mock
9a81c24c9cb519a608beac6f303345d8a02df24fa2c7,0.1452,0.0041,0.1571,0.1117,0.1287,0.0,0.1699,0.0512,0.0,0.0,0.0,0.1816,0.1235,0.207,0.1374,0.0589,0.0268,0,mock
c859f1af94ccec74b573b43bec7b0187e9d01afb690b,0.1193,0.1116,0.1733,0.0353,0.0263,0.1254,0.166,0.0123,0.1457,0.0465,0.035,0.0307,0.1473,0.0255,0.0048,0.0634,0.1358,0,mock
fdbda51593ba776494c7137d91f5ceb536b94dcf0570,0.0374,0.0253,0.1543,0.1659,0.123,0.0842,0.3184,0.0524,0.0021,0.0,0.1354,0.0,0.1773,0.1455,0.0262,0.1129,0.0935,0,mock
3a8b9cf9e540a27c57e165e55bc6ebd4fef4673e6fc5,0.9364,0.8999,0.6736,0.7205,0.8823,0.748,0.7019,0.8135,0.71,0.8408,0.9359,0.6592,0.8465,0.6992,0.9068,0.9253,0.762,1,mock
1bf53d432ef8841c82d84cc1edf18bc2f13b70f7c73d,0.9201,0.8712,0.8041,0.7451,0.7364,0.7439,0.9121,0.9179,0.8163,0.8186,0.9031,0.72,0.7209,0.781,0.8287,0.9319,0.6655,1,mock
cdb6e1b758e3d52d4e4df0b705f37a020483088dfcd0,0.0,0.1173,0.0652,0.0916,0.097,0.1368,0.2935,0.0715,0.0,0.0816,0.0,0.0002,0.1739,0.061,0.1115,0.1172,0.1637,0,mock
